서울,강남구,내과,88
서울,강동구,내과,62
서울,강서구,내과,55
서울,관악구,내과,55
서울,구로구,내과,37
서울,도봉구,내과,28
서울,동대문구,내과,45
서울,동작구,내과,46
서울,마포구,내과,45
서울,서대문구,내과,30
서울,성동구,내과,32
서울,성북구,내과,40
서울,영등포구,내과,51
서울,용산구,내과,17
서울,은평구,내과,56
서울,종로구,내과,15
서울,중구,내과,26
서울,송파구,내과,69
서울,중랑구,내과,36
서울,양천구,내과,41
서울,서초구,내과,54
서울,노원구,내과,46
서울,광진구,내과,37
서울,강북구,내과,38
서울,금천구,내과,27
부산,남구,내과,32
부산,동구,내과,14
부산,동래구,내과,34
부산,진구,내과,50
부산,북구,내과,27
부산,서구,내과,13
부산,영도구,내과,9
부산,중구,내과,7
부산,해운대구,내과,44
부산,사하구,내과,40
부산,금정구,내과,24
부산,강서구,내과,6
부산,연제구,내과,29
부산,수영구,내과,23
부산,사상구,내과,16
부산,기장군,내과,13
대구,남구,내과,25
대구,동구,내과,43
대구,북구,내과,48
대구,서구,내과,28
대구,수성구,내과,69
대구,중구,내과,21
대구,달서구,내과,75
대구,달성군,내과,23
인천,남구,내과,0
인천,미추홀구,내과,33
인천,동구,내과,7
인천,부평구,내과,47
인천,중구,내과,7
인천,서구,내과,32
인천,남동구,내과,53
인천,연수구,내과,21
인천,계양구,내과,26
인천,강화군,내과,3
인천,옹진군,내과,0
광주,동구,내과,18
광주,북구,내과,48
광주,서구,내과,31
광주,광산구,내과,33
광주,남구,내과,22
대전,유성구,내과,30
대전,대덕구,내과,16
대전,서구,내과,62
대전,동구,내과,27
대전,중구,내과,37
울산,남구,내과,36
울산,동구,내과,15
울산,중구,내과,19
울산,북구,내과,11
울산,울주군,내과,10
세종,세종시,내과,22
경기,가평군,내과,3
경기,양평군,내과,5
경기,여주시,내과,5
경기,연천군,내과,2
경기,광명시,내과,36
경기,동두천시,내과,7
경기,부천시,내과,71
경기,성남시 수정구,내과,22
경기,성남시 중원구,내과,21
경기,성남시 분당구,내과,46
경기,수원시 권선구,내과,27
경기,수원시 장안구,내과,27
경기,수원시 팔달구,내과,21
경기,수원시 영통구,내과,31
경기,안양시 만안구,내과,20
경기,안양시 동안구,내과,37
경기,의정부시,내과,35
경기,과천시,내과,7
경기,구리시,내과,23
경기,안산시 단원구,내과,28
경기,안산시 상록구,내과,20
경기,평택시,내과,35
경기,하남시,내과,18
경기,군포시,내과,25
경기,남양주시,내과,49
경기,의왕시,내과,10
경기,시흥시,내과,31
경기,오산시,내과,12
경기,고양시 덕양구,내과,34
경기,고양시 일산 서구,내과,24
경기,고양시 일산 동구,내과,21
경기,용인기흥구,내과,35
경기,용인수지구,내과,30
경기,용인처인구,내과,15
경기,이천시,내과,17
경기,파주시,내과,28
경기,김포시,내과,31
경기,안성시,내과,8
경기,화성시,내과,41
경기,광주시,내과,17
경기,양주시,내과,15
경기,포천시,내과,12
강원,고성군,내과,1
강원,양구군,내과,1
강원,양양군,내과,1
강원,영월군,내과,3
강원,인제군,내과,0
강원,정선군,내과,1
강원,철원군,내과,2
강원,평창군,내과,2
강원,홍천군,내과,3
강원,화천군,내과,1
강원,횡성군,내과,3
강원,강릉시,내과,22
강원,동해시,내과,7
강원,속초시,내과,10
강원,원주시,내과,32
강원,춘천시,내과,24
강원,태백시,내과,3
강원,삼척시,내과,3
충북,괴산군,내과,2
충북,단양군,내과,1
충북,보은군,내과,3
충북,영동군,내과,3
충북,옥천군,내과,7
충북,음성군,내과,7
충북,진천군,내과,6
충북,증평군,내과,2
충북,청주시 상당구,내과,18
충북,청주시 흥덕구,내과,19
충북,청주시 청원구,내과,12
충북,청주시 서원구,내과,18
충북,충주시,내과,19
충북,제천시,내과,10
충남,금산군,내과,4
충남,당진시,내과,9
충남,부여군,내과,4
충남,서천군,내과,3
충남,예산군,내과,7
충남,청양군,내과,1
충남,홍성군,내과,10
충남,태안군,내과,5
충남,천안시 서북구,내과,31
충남,천안시 동남구,내과,15
충남,공주시,내과,12
충남,보령시,내과,8
충남,아산시,내과,20
충남,서산시,내과,14
충남,논산시,내과,11
충남,계룡시,내과,3
전북,고창군,내과,3
전북,무주군,내과,2
전북,부안군,내과,5
전북,순창군,내과,4
전북,완주군,내과,8
전북,임실군,내과,3
전북,장수군,내과,2
전북,진안군,내과,1
전북,군산시,내과,27
전북,남원시,내과,10
전북,익산시,내과,31
전북,전주시 완산구,내과,43
전북,전주시 덕진구,내과,48
전북,정읍시,내과,11
전북,김제시,내과,10
전남,강진군,내과,3
전남,고흥군,내과,2
전남,곡성군,내과,3
전남,구례군,내과,1
전남,담양군,내과,5
전남,무안군,내과,7
전남,보성군,내과,5
전남,신안군,내과,0
전남,영광군,내과,6
전남,영암군,내과,2
전남,완도군,내과,3
전남,장성군,내과,2
전남,장흥군,내과,4
전남,진도군,내과,1
전남,함평군,내과,1
전남,해남군,내과,6
전남,화순군,내과,5
전남,나주시,내과,10
전남,목포시,내과,20
전남,순천시,내과,18
전남,여수시,내과,21
전남,광양시,내과,8
경북,고령군,내과,2
경북,군위군,내과,1
경북,봉화군,내과,0
경북,성주군,내과,3
경북,영덕군,내과,1
경북,영양군,내과,0
경북,예천군,내과,3
경북,울릉군,내과,0
경북,울진군,내과,2
경북,의성군,내과,2
경북,청도군,내과,2
경북,청송군,내과,0
경북,칠곡군,내과,6
경북,경주시,내과,19
경북,구미시,내과,30
경북,김천시,내과,9
경북,안동시,내과,12
경북,영주시,내과,9
경북,영천시,내과,12
경북,포항시 남구,내과,17
경북,포항시 북구,내과,27
경북,문경시,내과,7
경북,상주시,내과,9
경북,경산시,내과,28
경남,거창군,내과,3
경남,고성군,내과,4
경남,남해군,내과,4
경남,산청군,내과,0
경남,의령군,내과,2
경남,창녕군,내과,4
경남,하동군,내과,0
경남,함안군,내과,1
경남,함양군,내과,0
경남,합천군,내과,2
경남,김해시,내과,40
경남,사천시,내과,7
경남,진주시,내과,31
경남,창원시 마산회원구,내과,26
경남,창원시 마산합포구,내과,17
경남,창원시 진해구,내과,18
경남,창원시 의창구,내과,23
경남,창원시 성산구,내과,15
경남,통영시,내과,12
경남,밀양시,내과,6
경남,거제시,내과,12
경남,양산시,내과,32
제주,서귀포시,내과,9
제주,제주시,내과,39
서울,강남구,신경과,7
서울,강동구,신경과,5
서울,강서구,신경과,1
서울,관악구,신경과,2
서울,구로구,신경과,0
서울,도봉구,신경과,0
서울,동대문구,신경과,1
서울,동작구,신경과,0
서울,마포구,신경과,0
서울,서대문구,신경과,1
서울,성동구,신경과,2
서울,성북구,신경과,1
서울,영등포구,신경과,4
서울,용산구,신경과,0
서울,은평구,신경과,0
서울,종로구,신경과,0
서울,중구,신경과,1
서울,송파구,신경과,2
서울,중랑구,신경과,1
서울,양천구,신경과,2
서울,서초구,신경과,7
서울,노원구,신경과,3
서울,광진구,신경과,0
서울,강북구,신경과,1
서울,금천구,신경과,0
부산,남구,신경과,1
부산,동구,신경과,0
부산,동래구,신경과,1
부산,진구,신경과,1
부산,북구,신경과,1
부산,서구,신경과,0
부산,영도구,신경과,0
부산,중구,신경과,1
부산,해운대구,신경과,2
부산,사하구,신경과,1
부산,금정구,신경과,0
부산,강서구,신경과,0
부산,연제구,신경과,2
부산,수영구,신경과,1
부산,사상구,신경과,1
부산,기장군,신경과,0
대구,남구,신경과,2
대구,동구,신경과,3
대구,북구,신경과,3
대구,서구,신경과,1
대구,수성구,신경과,5
대구,중구,신경과,3
대구,달서구,신경과,8
대구,달성군,신경과,0
인천,남구,신경과,0
인천,미추홀구,신경과,1
인천,동구,신경과,0
인천,부평구,신경과,2
인천,중구,신경과,0
인천,서구,신경과,0
인천,남동구,신경과,3
인천,연수구,신경과,1
인천,계양구,신경과,0
인천,강화군,신경과,0
인천,옹진군,신경과,0
광주,동구,신경과,2
광주,북구,신경과,1
광주,서구,신경과,1
광주,광산구,신경과,1
광주,남구,신경과,1
대전,유성구,신경과,2
대전,대덕구,신경과,0
대전,서구,신경과,8
대전,동구,신경과,1
대전,중구,신경과,2
울산,남구,신경과,0
울산,동구,신경과,0
울산,중구,신경과,0
울산,북구,신경과,0
울산,울주군,신경과,0
세종,세종시,신경과,2
경기,가평군,신경과,1
경기,양평군,신경과,0
경기,여주시,신경과,0
경기,연천군,신경과,0
경기,광명시,신경과,0
경기,동두천시,신경과,0
경기,부천시,신경과,4
경기,성남시 수정구,신경과,1
경기,성남시 중원구,신경과,0
경기,성남시 분당구,신경과,2
경기,수원시 권선구,신경과,0
경기,수원시 장안구,신경과,1
경기,수원시 팔달구,신경과,4
경기,수원시 영통구,신경과,1
경기,안양시 만안구,신경과,1
경기,안양시 동안구,신경과,0
경기,의정부시,신경과,0
경기,과천시,신경과,0
경기,구리시,신경과,0
경기,안산시 단원구,신경과,1
경기,안산시 상록구,신경과,0
경기,평택시,신경과,2
경기,하남시,신경과,0
경기,군포시,신경과,1
경기,남양주시,신경과,1
경기,의왕시,신경과,0
경기,시흥시,신경과,0
경기,오산시,신경과,1
경기,고양시 덕양구,신경과,0
경기,고양시 일산 서구,신경과,0
경기,고양시 일산 동구,신경과,0
경기,용인기흥구,신경과,0
경기,용인수지구,신경과,2
경기,용인처인구,신경과,2
경기,이천시,신경과,0
경기,파주시,신경과,2
경기,김포시,신경과,0
경기,안성시,신경과,0
경기,화성시,신경과,0
경기,광주시,신경과,1
경기,양주시,신경과,1
경기,포천시,신경과,0
강원,고성군,신경과,0
강원,양구군,신경과,0
강원,양양군,신경과,0
강원,영월군,신경과,0
강원,인제군,신경과,0
강원,정선군,신경과,0
강원,철원군,신경과,0
강원,평창군,신경과,0
강원,홍천군,신경과,0
강원,화천군,신경과,0
강원,횡성군,신경과,0
강원,강릉시,신경과,3
강원,동해시,신경과,0
강원,속초시,신경과,0
강원,원주시,신경과,0
강원,춘천시,신경과,2
강원,태백시,신경과,0
강원,삼척시,신경과,0
충북,괴산군,신경과,0
충북,단양군,신경과,0
충북,보은군,신경과,0
충북,영동군,신경과,0
충북,옥천군,신경과,0
충북,음성군,신경과,0
충북,진천군,신경과,0
충북,증평군,신경과,1
충북,청주시 상당구,신경과,3
충북,청주시 흥덕구,신경과,2
충북,청주시 청원구,신경과,1
충북,청주시 서원구,신경과,2
충북,충주시,신경과,0
충북,제천시,신경과,0
충남,금산군,신경과,1
충남,당진시,신경과,1
충남,부여군,신경과,0
충남,서천군,신경과,0
충남,예산군,신경과,0
충남,청양군,신경과,0
충남,홍성군,신경과,1
충남,태안군,신경과,0
충남,천안시 서북구,신경과,2
충남,천안시 동남구,신경과,3
충남,공주시,신경과,0
충남,보령시,신경과,0
충남,아산시,신경과,1
충남,서산시,신경과,0
충남,논산시,신경과,1
충남,계룡시,신경과,0
전북,고창군,신경과,0
전북,무주군,신경과,0
전북,부안군,신경과,0
전북,순창군,신경과,0
전북,완주군,신경과,0
전북,임실군,신경과,0
전북,장수군,신경과,0
전북,진안군,신경과,0
전북,군산시,신경과,3
전북,남원시,신경과,2
전북,익산시,신경과,4
전북,전주시 완산구,신경과,2
전북,전주시 덕진구,신경과,2
전북,정읍시,신경과,1
전북,김제시,신경과,1
전남,강진군,신경과,0
전남,고흥군,신경과,0
전남,곡성군,신경과,0
전남,구례군,신경과,0
전남,담양군,신경과,0
전남,무안군,신경과,0
전남,보성군,신경과,0
전남,신안군,신경과,0
전남,영광군,신경과,0
전남,영암군,신경과,0
전남,완도군,신경과,0
전남,장성군,신경과,0
전남,장흥군,신경과,0
전남,진도군,신경과,0
전남,함평군,신경과,0
전남,해남군,신경과,0
전남,화순군,신경과,0
전남,나주시,신경과,1
전남,목포시,신경과,2
전남,순천시,신경과,3
전남,여수시,신경과,2
전남,광양시,신경과,1
경북,고령군,신경과,0
경북,군위군,신경과,0
경북,봉화군,신경과,0
경북,성주군,신경과,0
경북,영덕군,신경과,0
경북,영양군,신경과,0
경북,예천군,신경과,0
경북,울릉군,신경과,0
경북,울진군,신경과,0
경북,의성군,신경과,0
경북,청도군,신경과,0
경북,청송군,신경과,1
경북,칠곡군,신경과,0
경북,경주시,신경과,0
경북,구미시,신경과,2
경북,김천시,신경과,1
경북,안동시,신경과,3
경북,영주시,신경과,0
경북,영천시,신경과,1
경북,포항시 남구,신경과,0
경북,포항시 북구,신경과,3
경북,문경시,신경과,0
경북,상주시,신경과,0
경북,경산시,신경과,3
경남,거창군,신경과,0
경남,고성군,신경과,0
경남,남해군,신경과,0
경남,산청군,신경과,0
경남,의령군,신경과,0
경남,창녕군,신경과,0
경남,하동군,신경과,0
경남,함안군,신경과,0
경남,함양군,신경과,0
경남,합천군,신경과,0
경남,김해시,신경과,1
경남,사천시,신경과,0
경남,진주시,신경과,1
경남,창원시 마산회원구,신경과,2
경남,창원시 마산합포구,신경과,0
경남,창원시 진해구,신경과,1
경남,창원시 의창구,신경과,1
경남,창원시 성산구,신경과,0
경남,통영시,신경과,0
경남,밀양시,신경과,0
경남,거제시,신경과,0
경남,양산시,신경과,0
제주,서귀포시,신경과,0
제주,제주시,신경과,1
서울,강남구,정신건강의학과,58
서울,강동구,정신건강의학과,14
서울,강서구,정신건강의학과,14
서울,관악구,정신건강의학과,13
서울,구로구,정신건강의학과,8
서울,도봉구,정신건강의학과,3
서울,동대문구,정신건강의학과,14
서울,동작구,정신건강의학과,11
서울,마포구,정신건강의학과,22
서울,서대문구,정신건강의학과,6
서울,성동구,정신건강의학과,7
서울,성북구,정신건강의학과,8
서울,영등포구,정신건강의학과,9
서울,용산구,정신건강의학과,2
서울,은평구,정신건강의학과,8
서울,종로구,정신건강의학과,16
서울,중구,정신건강의학과,7
서울,송파구,정신건강의학과,24
서울,중랑구,정신건강의학과,5
서울,양천구,정신건강의학과,9
서울,서초구,정신건강의학과,34
서울,노원구,정신건강의학과,16
서울,광진구,정신건강의학과,15
서울,강북구,정신건강의학과,8
서울,금천구,정신건강의학과,5
부산,남구,정신건강의학과,4
부산,동구,정신건강의학과,3
부산,동래구,정신건강의학과,9
부산,진구,정신건강의학과,19
부산,북구,정신건강의학과,6
부산,서구,정신건강의학과,2
부산,영도구,정신건강의학과,2
부산,중구,정신건강의학과,2
부산,해운대구,정신건강의학과,11
부산,사하구,정신건강의학과,9
부산,금정구,정신건강의학과,5
부산,강서구,정신건강의학과,1
부산,연제구,정신건강의학과,9
부산,수영구,정신건강의학과,10
부산,사상구,정신건강의학과,4
부산,기장군,정신건강의학과,3
대구,남구,정신건강의학과,3
대구,동구,정신건강의학과,6
대구,북구,정신건강의학과,8
대구,서구,정신건강의학과,4
대구,수성구,정신건강의학과,17
대구,중구,정신건강의학과,7
대구,달서구,정신건강의학과,11
대구,달성군,정신건강의학과,3
인천,남구,정신건강의학과,0
인천,미추홀구,정신건강의학과,10
인천,동구,정신건강의학과,0
인천,부평구,정신건강의학과,8
인천,중구,정신건강의학과,1
인천,서구,정신건강의학과,5
인천,남동구,정신건강의학과,8
인천,연수구,정신건강의학과,9
인천,계양구,정신건강의학과,4
인천,강화군,정신건강의학과,0
인천,옹진군,정신건강의학과,0
광주,동구,정신건강의학과,4
광주,북구,정신건강의학과,10
광주,서구,정신건강의학과,10
광주,광산구,정신건강의학과,5
광주,남구,정신건강의학과,5
대전,유성구,정신건강의학과,6
대전,대덕구,정신건강의학과,3
대전,서구,정신건강의학과,21
대전,동구,정신건강의학과,8
대전,중구,정신건강의학과,15
울산,남구,정신건강의학과,10
울산,동구,정신건강의학과,1
울산,중구,정신건강의학과,3
울산,북구,정신건강의학과,1
울산,울주군,정신건강의학과,1
세종,세종시,정신건강의학과,7
경기,가평군,정신건강의학과,0
경기,양평군,정신건강의학과,1
경기,여주시,정신건강의학과,2
경기,연천군,정신건강의학과,0
경기,광명시,정신건강의학과,7
경기,동두천시,정신건강의학과,1
경기,부천시,정신건강의학과,21
경기,성남시 수정구,정신건강의학과,6
경기,성남시 중원구,정신건강의학과,7
경기,성남시 분당구,정신건강의학과,31
경기,수원시 권선구,정신건강의학과,1
경기,수원시 장안구,정신건강의학과,4
경기,수원시 팔달구,정신건강의학과,14
경기,수원시 영통구,정신건강의학과,9
경기,안양시 만안구,정신건강의학과,5
경기,안양시 동안구,정신건강의학과,12
경기,의정부시,정신건강의학과,10
경기,과천시,정신건강의학과,1
경기,구리시,정신건강의학과,5
경기,안산시 단원구,정신건강의학과,9
경기,안산시 상록구,정신건강의학과,2
경기,평택시,정신건강의학과,6
경기,하남시,정신건강의학과,3
경기,군포시,정신건강의학과,5
경기,남양주시,정신건강의학과,5
경기,의왕시,정신건강의학과,0
경기,시흥시,정신건강의학과,5
경기,오산시,정신건강의학과,3
경기,고양시 덕양구,정신건강의학과,6
경기,고양시 일산 서구,정신건강의학과,11
경기,고양시 일산 동구,정신건강의학과,8
경기,용인기흥구,정신건강의학과,4
경기,용인수지구,정신건강의학과,7
경기,용인처인구,정신건강의학과,2
경기,이천시,정신건강의학과,2
경기,파주시,정신건강의학과,4
경기,김포시,정신건강의학과,2
경기,안성시,정신건강의학과,1
경기,화성시,정신건강의학과,7
경기,광주시,정신건강의학과,2
경기,양주시,정신건강의학과,1
경기,포천시,정신건강의학과,0
강원,고성군,정신건강의학과,0
강원,양구군,정신건강의학과,0
강원,양양군,정신건강의학과,0
강원,영월군,정신건강의학과,0
강원,인제군,정신건강의학과,0
강원,정선군,정신건강의학과,0
강원,철원군,정신건강의학과,0
강원,평창군,정신건강의학과,0
강원,홍천군,정신건강의학과,1
강원,화천군,정신건강의학과,0
강원,횡성군,정신건강의학과,0
강원,강릉시,정신건강의학과,2
강원,동해시,정신건강의학과,1
강원,속초시,정신건강의학과,0
강원,원주시,정신건강의학과,9
강원,춘천시,정신건강의학과,4
강원,태백시,정신건강의학과,1
강원,삼척시,정신건강의학과,1
충북,괴산군,정신건강의학과,0
충북,단양군,정신건강의학과,0
충북,보은군,정신건강의학과,0
충북,영동군,정신건강의학과,2
충북,옥천군,정신건강의학과,1
충북,음성군,정신건강의학과,0
충북,진천군,정신건강의학과,1
충북,증평군,정신건강의학과,0
충북,청주시 상당구,정신건강의학과,7
충북,청주시 흥덕구,정신건강의학과,7
충북,청주시 청원구,정신건강의학과,3
충북,청주시 서원구,정신건강의학과,3
충북,충주시,정신건강의학과,2
충북,제천시,정신건강의학과,2
충남,금산군,정신건강의학과,1
충남,당진시,정신건강의학과,1
충남,부여군,정신건강의학과,1
충남,서천군,정신건강의학과,1
충남,예산군,정신건강의학과,0
충남,청양군,정신건강의학과,0
충남,홍성군,정신건강의학과,0
충남,태안군,정신건강의학과,0
충남,천안시 서북구,정신건강의학과,4
충남,천안시 동남구,정신건강의학과,3
충남,공주시,정신건강의학과,4
충남,보령시,정신건강의학과,2
충남,아산시,정신건강의학과,5
충남,서산시,정신건강의학과,2
충남,논산시,정신건강의학과,3
충남,계룡시,정신건강의학과,0
전북,고창군,정신건강의학과,0
전북,무주군,정신건강의학과,0
전북,부안군,정신건강의학과,1
전북,순창군,정신건강의학과,0
전북,완주군,정신건강의학과,1
전북,임실군,정신건강의학과,0
전북,장수군,정신건강의학과,0
전북,진안군,정신건강의학과,0
전북,군산시,정신건강의학과,5
전북,남원시,정신건강의학과,2
전북,익산시,정신건강의학과,9
전북,전주시 완산구,정신건강의학과,14
전북,전주시 덕진구,정신건강의학과,9
전북,정읍시,정신건강의학과,2
전북,김제시,정신건강의학과,1
전남,강진군,정신건강의학과,1
전남,고흥군,정신건강의학과,1
전남,곡성군,정신건강의학과,0
전남,구례군,정신건강의학과,0
전남,담양군,정신건강의학과,0
전남,무안군,정신건강의학과,1
전남,보성군,정신건강의학과,0
전남,신안군,정신건강의학과,0
전남,영광군,정신건강의학과,0
전남,영암군,정신건강의학과,0
전남,완도군,정신건강의학과,0
전남,장성군,정신건강의학과,0
전남,장흥군,정신건강의학과,0
전남,진도군,정신건강의학과,0
전남,함평군,정신건강의학과,0
전남,해남군,정신건강의학과,0
전남,화순군,정신건강의학과,0
전남,나주시,정신건강의학과,0
전남,목포시,정신건강의학과,3
전남,순천시,정신건강의학과,6
전남,여수시,정신건강의학과,4
전남,광양시,정신건강의학과,2
경북,고령군,정신건강의학과,0
경북,군위군,정신건강의학과,0
경북,봉화군,정신건강의학과,0
경북,성주군,정신건강의학과,0
경북,영덕군,정신건강의학과,0
경북,영양군,정신건강의학과,0
경북,예천군,정신건강의학과,0
경북,울릉군,정신건강의학과,0
경북,울진군,정신건강의학과,0
경북,의성군,정신건강의학과,0
경북,청도군,정신건강의학과,0
경북,청송군,정신건강의학과,0
경북,칠곡군,정신건강의학과,0
경북,경주시,정신건강의학과,4
경북,구미시,정신건강의학과,5
경북,김천시,정신건강의학과,2
경북,안동시,정신건강의학과,0
경북,영주시,정신건강의학과,2
경북,영천시,정신건강의학과,2
경북,포항시 남구,정신건강의학과,0
경북,포항시 북구,정신건강의학과,4
경북,문경시,정신건강의학과,1
경북,상주시,정신건강의학과,2
경북,경산시,정신건강의학과,3
경남,거창군,정신건강의학과,1
경남,고성군,정신건강의학과,0
경남,남해군,정신건강의학과,0
경남,산청군,정신건강의학과,0
경남,의령군,정신건강의학과,0
경남,창녕군,정신건강의학과,0
경남,하동군,정신건강의학과,0
경남,함안군,정신건강의학과,0
경남,함양군,정신건강의학과,1
경남,합천군,정신건강의학과,0
경남,김해시,정신건강의학과,7
경남,사천시,정신건강의학과,0
경남,진주시,정신건강의학과,9
경남,창원시 마산회원구,정신건강의학과,5
경남,창원시 마산합포구,정신건강의학과,4
경남,창원시 진해구,정신건강의학과,1
경남,창원시 의창구,정신건강의학과,4
경남,창원시 성산구,정신건강의학과,5
경남,통영시,정신건강의학과,2
경남,밀양시,정신건강의학과,1
경남,거제시,정신건강의학과,2
경남,양산시,정신건강의학과,4
제주,서귀포시,정신건강의학과,3
제주,제주시,정신건강의학과,13
서울,강남구,외과,29
서울,강동구,외과,7
서울,강서구,외과,6
서울,관악구,외과,10
서울,구로구,외과,5
서울,도봉구,외과,7
서울,동대문구,외과,9
서울,동작구,외과,5
서울,마포구,외과,9
서울,서대문구,외과,8
서울,성동구,외과,4
서울,성북구,외과,7
서울,영등포구,외과,6
서울,용산구,외과,1
서울,은평구,외과,5
서울,종로구,외과,4
서울,중구,외과,2
서울,송파구,외과,11
서울,중랑구,외과,6
서울,양천구,외과,8
서울,서초구,외과,15
서울,노원구,외과,14
서울,광진구,외과,8
서울,강북구,외과,9
서울,금천구,외과,3
부산,남구,외과,5
부산,동구,외과,1
부산,동래구,외과,3
부산,진구,외과,11
부산,북구,외과,5
부산,서구,외과,0
부산,영도구,외과,1
부산,중구,외과,3
부산,해운대구,외과,10
부산,사하구,외과,5
부산,금정구,외과,7
부산,강서구,외과,1
부산,연제구,외과,6
부산,수영구,외과,2
부산,사상구,외과,3
부산,기장군,외과,2
대구,남구,외과,2
대구,동구,외과,8
대구,북구,외과,9
대구,서구,외과,6
대구,수성구,외과,16
대구,중구,외과,14
대구,달서구,외과,13
대구,달성군,외과,7
인천,남구,외과,0
인천,미추홀구,외과,4
인천,동구,외과,1
인천,부평구,외과,6
인천,중구,외과,1
인천,서구,외과,5
인천,남동구,외과,15
인천,연수구,외과,4
인천,계양구,외과,6
인천,강화군,외과,0
인천,옹진군,외과,0
광주,동구,외과,3
광주,북구,외과,8
광주,서구,외과,10
광주,광산구,외과,8
광주,남구,외과,2
대전,유성구,외과,5
대전,대덕구,외과,1
대전,서구,외과,17
대전,동구,외과,3
대전,중구,외과,6
울산,남구,외과,8
울산,동구,외과,3
울산,중구,외과,1
울산,북구,외과,1
울산,울주군,외과,0
세종,세종시,외과,6
경기,가평군,외과,1
경기,양평군,외과,1
경기,여주시,외과,2
경기,연천군,외과,0
경기,광명시,외과,7
경기,동두천시,외과,0
경기,부천시,외과,21
경기,성남시 수정구,외과,8
경기,성남시 중원구,외과,3
경기,성남시 분당구,외과,13
경기,수원시 권선구,외과,3
경기,수원시 장안구,외과,5
경기,수원시 팔달구,외과,7
경기,수원시 영통구,외과,5
경기,안양시 만안구,외과,4
경기,안양시 동안구,외과,8
경기,의정부시,외과,8
경기,과천시,외과,0
경기,구리시,외과,6
경기,안산시 단원구,외과,7
경기,안산시 상록구,외과,6
경기,평택시,외과,14
경기,하남시,외과,4
경기,군포시,외과,7
경기,남양주시,외과,2
경기,의왕시,외과,2
경기,시흥시,외과,4
경기,오산시,외과,3
경기,고양시 덕양구,외과,3
경기,고양시 일산 서구,외과,4
경기,고양시 일산 동구,외과,7
경기,용인기흥구,외과,2
경기,용인수지구,외과,4
경기,용인처인구,외과,1
경기,이천시,외과,4
경기,파주시,외과,6
경기,김포시,외과,6
경기,안성시,외과,3
경기,화성시,외과,10
경기,광주시,외과,1
경기,양주시,외과,0
경기,포천시,외과,3
강원,고성군,외과,0
강원,양구군,외과,1
강원,양양군,외과,1
강원,영월군,외과,0
강원,인제군,외과,0
강원,정선군,외과,1
강원,철원군,외과,1
강원,평창군,외과,0
강원,홍천군,외과,1
강원,화천군,외과,1
강원,횡성군,외과,0
강원,강릉시,외과,6
강원,동해시,외과,2
강원,속초시,외과,4
강원,원주시,외과,8
강원,춘천시,외과,2
강원,태백시,외과,1
강원,삼척시,외과,1
충북,괴산군,외과,1
충북,단양군,외과,0
충북,보은군,외과,2
충북,영동군,외과,1
충북,옥천군,외과,1
충북,음성군,외과,2
충북,진천군,외과,1
충북,증평군,외과,1
충북,청주시 상당구,외과,1
충북,청주시 흥덕구,외과,7
충북,청주시 청원구,외과,4
충북,청주시 서원구,외과,2
충북,충주시,외과,4
충북,제천시,외과,4
충남,금산군,외과,1
충남,당진시,외과,6
충남,부여군,외과,1
충남,서천군,외과,2
충남,예산군,외과,5
충남,청양군,외과,1
충남,홍성군,외과,3
충남,태안군,외과,2
충남,천안시 서북구,외과,6
충남,천안시 동남구,외과,2
충남,공주시,외과,4
충남,보령시,외과,7
충남,아산시,외과,5
충남,서산시,외과,3
충남,논산시,외과,8
충남,계룡시,외과,1
전북,고창군,외과,0
전북,무주군,외과,3
전북,부안군,외과,1
전북,순창군,외과,0
전북,완주군,외과,1
전북,임실군,외과,1
전북,장수군,외과,0
전북,진안군,외과,2
전북,군산시,외과,8
전북,남원시,외과,2
전북,익산시,외과,5
전북,전주시 완산구,외과,15
전북,전주시 덕진구,외과,7
전북,정읍시,외과,4
전북,김제시,외과,2
전남,강진군,외과,0
전남,고흥군,외과,1
전남,곡성군,외과,1
전남,구례군,외과,1
전남,담양군,외과,3
전남,무안군,외과,1
전남,보성군,외과,1
전남,신안군,외과,0
전남,영광군,외과,1
전남,영암군,외과,0
전남,완도군,외과,1
전남,장성군,외과,0
전남,장흥군,외과,0
전남,진도군,외과,0
전남,함평군,외과,0
전남,해남군,외과,1
전남,화순군,외과,2
전남,나주시,외과,4
전남,목포시,외과,3
전남,순천시,외과,6
전남,여수시,외과,5
전남,광양시,외과,3
경북,고령군,외과,1
경북,군위군,외과,1
경북,봉화군,외과,0
경북,성주군,외과,1
경북,영덕군,외과,3
경북,영양군,외과,0
경북,예천군,외과,0
경북,울릉군,외과,0
경북,울진군,외과,2
경북,의성군,외과,2
경북,청도군,외과,0
경북,청송군,외과,1
경북,칠곡군,외과,2
경북,경주시,외과,4
경북,구미시,외과,11
경북,김천시,외과,2
경북,안동시,외과,6
경북,영주시,외과,2
경북,영천시,외과,1
경북,포항시 남구,외과,7
경북,포항시 북구,외과,6
경북,문경시,외과,1
경북,상주시,외과,1
경북,경산시,외과,6
경남,거창군,외과,3
경남,고성군,외과,0
경남,남해군,외과,1
경남,산청군,외과,0
경남,의령군,외과,0
경남,창녕군,외과,1
경남,하동군,외과,1
경남,함안군,외과,0
경남,함양군,외과,0
경남,합천군,외과,0
경남,김해시,외과,7
경남,사천시,외과,1
경남,진주시,외과,3
경남,창원시 마산회원구,외과,6
경남,창원시 마산합포구,외과,8
경남,창원시 진해구,외과,3
경남,창원시 의창구,외과,4
경남,창원시 성산구,외과,7
경남,통영시,외과,1
경남,밀양시,외과,1
경남,거제시,외과,2
경남,양산시,외과,5
제주,서귀포시,외과,3
제주,제주시,외과,8
서울,강남구,정형외과,39
서울,강동구,정형외과,27
서울,강서구,정형외과,28
서울,관악구,정형외과,25
서울,구로구,정형외과,19
서울,도봉구,정형외과,10
서울,동대문구,정형외과,22
서울,동작구,정형외과,18
서울,마포구,정형외과,20
서울,서대문구,정형외과,10
서울,성동구,정형외과,12
서울,성북구,정형외과,21
서울,영등포구,정형외과,27
서울,용산구,정형외과,9
서울,은평구,정형외과,26
서울,종로구,정형외과,9
서울,중구,정형외과,10
서울,송파구,정형외과,35
서울,중랑구,정형외과,24
서울,양천구,정형외과,24
서울,서초구,정형외과,22
서울,노원구,정형외과,22
서울,광진구,정형외과,18
서울,강북구,정형외과,16
서울,금천구,정형외과,15
부산,남구,정형외과,12
부산,동구,정형외과,2
부산,동래구,정형외과,11
부산,진구,정형외과,17
부산,북구,정형외과,12
부산,서구,정형외과,3
부산,영도구,정형외과,6
부산,중구,정형외과,5
부산,해운대구,정형외과,21
부산,사하구,정형외과,14
부산,금정구,정형외과,12
부산,강서구,정형외과,1
부산,연제구,정형외과,9
부산,수영구,정형외과,9
부산,사상구,정형외과,7
부산,기장군,정형외과,6
대구,남구,정형외과,9
대구,동구,정형외과,19
대구,북구,정형외과,26
대구,서구,정형외과,10
대구,수성구,정형외과,19
대구,중구,정형외과,6
대구,달서구,정형외과,27
대구,달성군,정형외과,6
인천,남구,정형외과,0
인천,미추홀구,정형외과,15
인천,동구,정형외과,6
인천,부평구,정형외과,22
인천,중구,정형외과,3
인천,서구,정형외과,22
인천,남동구,정형외과,27
인천,연수구,정형외과,12
인천,계양구,정형외과,14
인천,강화군,정형외과,1
인천,옹진군,정형외과,0
광주,동구,정형외과,2
광주,북구,정형외과,11
광주,서구,정형외과,8
광주,광산구,정형외과,6
광주,남구,정형외과,6
대전,유성구,정형외과,15
대전,대덕구,정형외과,9
대전,서구,정형외과,24
대전,동구,정형외과,11
대전,중구,정형외과,15
울산,남구,정형외과,16
울산,동구,정형외과,10
울산,중구,정형외과,4
울산,북구,정형외과,4
울산,울주군,정형외과,8
세종,세종시,정형외과,12
경기,가평군,정형외과,2
경기,양평군,정형외과,2
경기,여주시,정형외과,3
경기,연천군,정형외과,2
경기,광명시,정형외과,19
경기,동두천시,정형외과,3
경기,부천시,정형외과,40
경기,성남시 수정구,정형외과,15
경기,성남시 중원구,정형외과,13
경기,성남시 분당구,정형외과,19
경기,수원시 권선구,정형외과,9
경기,수원시 장안구,정형외과,15
경기,수원시 팔달구,정형외과,7
경기,수원시 영통구,정형외과,14
경기,안양시 만안구,정형외과,9
경기,안양시 동안구,정형외과,14
경기,의정부시,정형외과,21
경기,과천시,정형외과,3
경기,구리시,정형외과,12
경기,안산시 단원구,정형외과,15
경기,안산시 상록구,정형외과,9
경기,평택시,정형외과,13
경기,하남시,정형외과,9
경기,군포시,정형외과,10
경기,남양주시,정형외과,19
경기,의왕시,정형외과,3
경기,시흥시,정형외과,17
경기,오산시,정형외과,8
경기,고양시 덕양구,정형외과,20
경기,고양시 일산 서구,정형외과,15
경기,고양시 일산 동구,정형외과,7
경기,용인기흥구,정형외과,17
경기,용인수지구,정형외과,16
경기,용인처인구,정형외과,6
경기,이천시,정형외과,9
경기,파주시,정형외과,12
경기,김포시,정형외과,20
경기,안성시,정형외과,2
경기,화성시,정형외과,28
경기,광주시,정형외과,9
경기,양주시,정형외과,9
경기,포천시,정형외과,3
강원,고성군,정형외과,0
강원,양구군,정형외과,0
강원,양양군,정형외과,1
강원,영월군,정형외과,1
강원,인제군,정형외과,0
강원,정선군,정형외과,0
강원,철원군,정형외과,1
강원,평창군,정형외과,1
강원,홍천군,정형외과,2
강원,화천군,정형외과,0
강원,횡성군,정형외과,1
강원,강릉시,정형외과,10
강원,동해시,정형외과,4
강원,속초시,정형외과,3
강원,원주시,정형외과,10
강원,춘천시,정형외과,14
강원,태백시,정형외과,1
강원,삼척시,정형외과,1
충북,괴산군,정형외과,0
충북,단양군,정형외과,1
충북,보은군,정형외과,1
충북,영동군,정형외과,2
충북,옥천군,정형외과,1
충북,음성군,정형외과,3
충북,진천군,정형외과,2
충북,증평군,정형외과,2
충북,청주시 상당구,정형외과,9
충북,청주시 흥덕구,정형외과,8
충북,청주시 청원구,정형외과,10
충북,청주시 서원구,정형외과,7
충북,충주시,정형외과,12
충북,제천시,정형외과,7
충남,금산군,정형외과,1
충남,당진시,정형외과,4
충남,부여군,정형외과,2
충남,서천군,정형외과,6
충남,예산군,정형외과,4
충남,청양군,정형외과,0
충남,홍성군,정형외과,2
충남,태안군,정형외과,2
충남,천안시 서북구,정형외과,10
충남,천안시 동남구,정형외과,10
충남,공주시,정형외과,4
충남,보령시,정형외과,5
충남,아산시,정형외과,7
충남,서산시,정형외과,7
충남,논산시,정형외과,4
충남,계룡시,정형외과,1
전북,고창군,정형외과,1
전북,무주군,정형외과,0
전북,부안군,정형외과,3
전북,순창군,정형외과,1
전북,완주군,정형외과,4
전북,임실군,정형외과,1
전북,장수군,정형외과,0
전북,진안군,정형외과,0
전북,군산시,정형외과,12
전북,남원시,정형외과,4
전북,익산시,정형외과,15
전북,전주시 완산구,정형외과,14
전북,전주시 덕진구,정형외과,13
전북,정읍시,정형외과,7
전북,김제시,정형외과,5
전남,강진군,정형외과,0
전남,고흥군,정형외과,1
전남,곡성군,정형외과,1
전남,구례군,정형외과,1
전남,담양군,정형외과,1
전남,무안군,정형외과,1
전남,보성군,정형외과,1
전남,신안군,정형외과,0
전남,영광군,정형외과,2
전남,영암군,정형외과,1
전남,완도군,정형외과,0
전남,장성군,정형외과,1
전남,장흥군,정형외과,0
전남,진도군,정형외과,0
전남,함평군,정형외과,0
전남,해남군,정형외과,0
전남,화순군,정형외과,0
전남,나주시,정형외과,2
전남,목포시,정형외과,15
전남,순천시,정형외과,2
전남,여수시,정형외과,7
전남,광양시,정형외과,3
경북,고령군,정형외과,2
경북,군위군,정형외과,0
경북,봉화군,정형외과,0
경북,성주군,정형외과,2
경북,영덕군,정형외과,0
경북,영양군,정형외과,0
경북,예천군,정형외과,2
경북,울릉군,정형외과,0
경북,울진군,정형외과,1
경북,의성군,정형외과,1
경북,청도군,정형외과,1
경북,청송군,정형외과,0
경북,칠곡군,정형외과,4
경북,경주시,정형외과,5
경북,구미시,정형외과,18
경북,김천시,정형외과,5
경북,안동시,정형외과,6
경북,영주시,정형외과,3
경북,영천시,정형외과,8
경북,포항시 남구,정형외과,8
경북,포항시 북구,정형외과,10
경북,문경시,정형외과,2
경북,상주시,정형외과,1
경북,경산시,정형외과,11
경남,거창군,정형외과,4
경남,고성군,정형외과,0
경남,남해군,정형외과,1
경남,산청군,정형외과,0
경남,의령군,정형외과,1
경남,창녕군,정형외과,1
경남,하동군,정형외과,2
경남,함안군,정형외과,0
경남,함양군,정형외과,2
경남,합천군,정형외과,2
경남,김해시,정형외과,16
경남,사천시,정형외과,4
경남,진주시,정형외과,9
경남,창원시 마산회원구,정형외과,11
경남,창원시 마산합포구,정형외과,7
경남,창원시 진해구,정형외과,4
경남,창원시 의창구,정형외과,3
경남,창원시 성산구,정형외과,5
경남,통영시,정형외과,5
경남,밀양시,정형외과,3
경남,거제시,정형외과,5
경남,양산시,정형외과,13
제주,서귀포시,정형외과,8
제주,제주시,정형외과,26
서울,강남구,신경외과,8
서울,강동구,신경외과,5
서울,강서구,신경외과,8
서울,관악구,신경외과,4
서울,구로구,신경외과,4
서울,도봉구,신경외과,2
서울,동대문구,신경외과,1
서울,동작구,신경외과,0
서울,마포구,신경외과,3
서울,서대문구,신경외과,2
서울,성동구,신경외과,3
서울,성북구,신경외과,2
서울,영등포구,신경외과,2
서울,용산구,신경외과,1
서울,은평구,신경외과,4
서울,종로구,신경외과,4
서울,중구,신경외과,2
서울,송파구,신경외과,4
서울,중랑구,신경외과,4
서울,양천구,신경외과,4
서울,서초구,신경외과,6
서울,노원구,신경외과,2
서울,광진구,신경외과,2
서울,강북구,신경외과,4
서울,금천구,신경외과,2
부산,남구,신경외과,2
부산,동구,신경외과,2
부산,동래구,신경외과,2
부산,진구,신경외과,5
부산,북구,신경외과,2
부산,서구,신경외과,2
부산,영도구,신경외과,1
부산,중구,신경외과,0
부산,해운대구,신경외과,5
부산,사하구,신경외과,4
부산,금정구,신경외과,2
부산,강서구,신경외과,0
부산,연제구,신경외과,1
부산,수영구,신경외과,1
부산,사상구,신경외과,3
부산,기장군,신경외과,0
대구,남구,신경외과,3
대구,동구,신경외과,6
대구,북구,신경외과,3
대구,서구,신경외과,5
대구,수성구,신경외과,9
대구,중구,신경외과,3
대구,달서구,신경외과,10
대구,달성군,신경외과,3
인천,남구,신경외과,0
인천,미추홀구,신경외과,5
인천,동구,신경외과,0
인천,부평구,신경외과,5
인천,중구,신경외과,0
인천,서구,신경외과,3
인천,남동구,신경외과,2
인천,연수구,신경외과,6
인천,계양구,신경외과,2
인천,강화군,신경외과,1
인천,옹진군,신경외과,0
광주,동구,신경외과,4
광주,북구,신경외과,1
광주,서구,신경외과,4
광주,광산구,신경외과,4
광주,남구,신경외과,4
대전,유성구,신경외과,0
대전,대덕구,신경외과,1
대전,서구,신경외과,5
대전,동구,신경외과,3
대전,중구,신경외과,0
울산,남구,신경외과,3
울산,동구,신경외과,3
울산,중구,신경외과,1
울산,북구,신경외과,1
울산,울주군,신경외과,0
세종,세종시,신경외과,4
경기,가평군,신경외과,0
경기,양평군,신경외과,0
경기,여주시,신경외과,3
경기,연천군,신경외과,0
경기,광명시,신경외과,3
경기,동두천시,신경외과,1
경기,부천시,신경외과,5
경기,성남시 수정구,신경외과,2
경기,성남시 중원구,신경외과,3
경기,성남시 분당구,신경외과,7
경기,수원시 권선구,신경외과,2
경기,수원시 장안구,신경외과,2
경기,수원시 팔달구,신경외과,5
경기,수원시 영통구,신경외과,2
경기,안양시 만안구,신경외과,2
경기,안양시 동안구,신경외과,3
경기,의정부시,신경외과,5
경기,과천시,신경외과,2
경기,구리시,신경외과,2
경기,안산시 단원구,신경외과,0
경기,안산시 상록구,신경외과,2
경기,평택시,신경외과,3
경기,하남시,신경외과,1
경기,군포시,신경외과,2
경기,남양주시,신경외과,2
경기,의왕시,신경외과,3
경기,시흥시,신경외과,7
경기,오산시,신경외과,1
경기,고양시 덕양구,신경외과,4
경기,고양시 일산 서구,신경외과,1
경기,고양시 일산 동구,신경외과,3
경기,용인기흥구,신경외과,2
경기,용인수지구,신경외과,4
경기,용인처인구,신경외과,2
경기,이천시,신경외과,2
경기,파주시,신경외과,4
경기,김포시,신경외과,2
경기,안성시,신경외과,1
경기,화성시,신경외과,5
경기,광주시,신경외과,2
경기,양주시,신경외과,0
경기,포천시,신경외과,2
강원,고성군,신경외과,0
강원,양구군,신경외과,0
강원,양양군,신경외과,0
강원,영월군,신경외과,0
강원,인제군,신경외과,0
강원,정선군,신경외과,0
강원,철원군,신경외과,1
강원,평창군,신경외과,1
강원,홍천군,신경외과,1
강원,화천군,신경외과,0
강원,횡성군,신경외과,1
강원,강릉시,신경외과,1
강원,동해시,신경외과,1
강원,속초시,신경외과,0
강원,원주시,신경외과,6
강원,춘천시,신경외과,3
강원,태백시,신경외과,1
강원,삼척시,신경외과,1
충북,괴산군,신경외과,1
충북,단양군,신경외과,0
충북,보은군,신경외과,1
충북,영동군,신경외과,0
충북,옥천군,신경외과,0
충북,음성군,신경외과,1
충북,진천군,신경외과,0
충북,증평군,신경외과,0
충북,청주시 상당구,신경외과,3
충북,청주시 흥덕구,신경외과,6
충북,청주시 청원구,신경외과,2
충북,청주시 서원구,신경외과,4
충북,충주시,신경외과,3
충북,제천시,신경외과,2
충남,금산군,신경외과,0
충남,당진시,신경외과,1
충남,부여군,신경외과,2
충남,서천군,신경외과,0
충남,예산군,신경외과,0
충남,청양군,신경외과,0
충남,홍성군,신경외과,1
충남,태안군,신경외과,1
충남,천안시 서북구,신경외과,2
충남,천안시 동남구,신경외과,1
충남,공주시,신경외과,2
충남,보령시,신경외과,1
충남,아산시,신경외과,3
충남,서산시,신경외과,2
충남,논산시,신경외과,2
충남,계룡시,신경외과,0
전북,고창군,신경외과,2
전북,무주군,신경외과,1
전북,부안군,신경외과,1
전북,순창군,신경외과,0
전북,완주군,신경외과,1
전북,임실군,신경외과,0
전북,장수군,신경외과,0
전북,진안군,신경외과,0
전북,군산시,신경외과,0
전북,남원시,신경외과,2
전북,익산시,신경외과,5
전북,전주시 완산구,신경외과,2
전북,전주시 덕진구,신경외과,2
전북,정읍시,신경외과,3
전북,김제시,신경외과,1
전남,강진군,신경외과,0
전남,고흥군,신경외과,0
전남,곡성군,신경외과,0
전남,구례군,신경외과,0
전남,담양군,신경외과,0
전남,무안군,신경외과,0
전남,보성군,신경외과,0
전남,신안군,신경외과,0
전남,영광군,신경외과,1
전남,영암군,신경외과,0
전남,완도군,신경외과,0
전남,장성군,신경외과,0
전남,장흥군,신경외과,0
전남,진도군,신경외과,0
전남,함평군,신경외과,0
전남,해남군,신경외과,0
전남,화순군,신경외과,0
전남,나주시,신경외과,0
전남,목포시,신경외과,4
전남,순천시,신경외과,2
전남,여수시,신경외과,8
전남,광양시,신경외과,1
경북,고령군,신경외과,0
경북,군위군,신경외과,0
경북,봉화군,신경외과,0
경북,성주군,신경외과,0
경북,영덕군,신경외과,1
경북,영양군,신경외과,0
경북,예천군,신경외과,0
경북,울릉군,신경외과,0
경북,울진군,신경외과,0
경북,의성군,신경외과,0
경북,청도군,신경외과,0
경북,청송군,신경외과,0
경북,칠곡군,신경외과,0
경북,경주시,신경외과,1
경북,구미시,신경외과,3
경북,김천시,신경외과,0
경북,안동시,신경외과,2
경북,영주시,신경외과,1
경북,영천시,신경외과,1
경북,포항시 남구,신경외과,1
경북,포항시 북구,신경외과,2
경북,문경시,신경외과,2
경북,상주시,신경외과,4
경북,경산시,신경외과,6
경남,거창군,신경외과,1
경남,고성군,신경외과,1
경남,남해군,신경외과,1
경남,산청군,신경외과,0
경남,의령군,신경외과,0
경남,창녕군,신경외과,1
경남,하동군,신경외과,0
경남,함안군,신경외과,0
경남,함양군,신경외과,0
경남,합천군,신경외과,0
경남,김해시,신경외과,5
경남,사천시,신경외과,0
경남,진주시,신경외과,2
경남,창원시 마산회원구,신경외과,2
경남,창원시 마산합포구,신경외과,4
경남,창원시 진해구,신경외과,0
경남,창원시 의창구,신경외과,2
경남,창원시 성산구,신경외과,1
경남,통영시,신경외과,4
경남,밀양시,신경외과,1
경남,거제시,신경외과,1
경남,양산시,신경외과,0
제주,서귀포시,신경외과,3
제주,제주시,신경외과,5
서울,강남구,흉부외과,4
서울,강동구,흉부외과,0
서울,강서구,흉부외과,0
서울,관악구,흉부외과,0
서울,구로구,흉부외과,1
서울,도봉구,흉부외과,0
서울,동대문구,흉부외과,0
서울,동작구,흉부외과,1
서울,마포구,흉부외과,0
서울,서대문구,흉부외과,0
서울,성동구,흉부외과,0
서울,성북구,흉부외과,0
서울,영등포구,흉부외과,0
서울,용산구,흉부외과,0
서울,은평구,흉부외과,0
서울,종로구,흉부외과,0
서울,중구,흉부외과,0
서울,송파구,흉부외과,1
서울,중랑구,흉부외과,0
서울,양천구,흉부외과,0
서울,서초구,흉부외과,1
서울,노원구,흉부외과,0
서울,광진구,흉부외과,1
서울,강북구,흉부외과,0
서울,금천구,흉부외과,0
부산,남구,흉부외과,0
부산,동구,흉부외과,0
부산,동래구,흉부외과,0
부산,진구,흉부외과,3
부산,북구,흉부외과,0
부산,서구,흉부외과,0
부산,영도구,흉부외과,0
부산,중구,흉부외과,0
부산,해운대구,흉부외과,0
부산,사하구,흉부외과,1
부산,금정구,흉부외과,0
부산,강서구,흉부외과,0
부산,연제구,흉부외과,1
부산,수영구,흉부외과,0
부산,사상구,흉부외과,0
부산,기장군,흉부외과,0
대구,남구,흉부외과,0
대구,동구,흉부외과,0
대구,북구,흉부외과,0
대구,서구,흉부외과,1
대구,수성구,흉부외과,0
대구,중구,흉부외과,1
대구,달서구,흉부외과,1
대구,달성군,흉부외과,0
인천,남구,흉부외과,0
인천,미추홀구,흉부외과,0
인천,동구,흉부외과,0
인천,부평구,흉부외과,2
인천,중구,흉부외과,0
인천,서구,흉부외과,0
인천,남동구,흉부외과,1
인천,연수구,흉부외과,0
인천,계양구,흉부외과,0
인천,강화군,흉부외과,0
인천,옹진군,흉부외과,0
광주,동구,흉부외과,0
광주,북구,흉부외과,0
광주,서구,흉부외과,0
광주,광산구,흉부외과,0
광주,남구,흉부외과,0
대전,유성구,흉부외과,1
대전,대덕구,흉부외과,0
대전,서구,흉부외과,3
대전,동구,흉부외과,0
대전,중구,흉부외과,0
울산,남구,흉부외과,2
울산,동구,흉부외과,0
울산,중구,흉부외과,0
울산,북구,흉부외과,1
울산,울주군,흉부외과,0
세종,세종시,흉부외과,0
경기,가평군,흉부외과,0
경기,양평군,흉부외과,0
경기,여주시,흉부외과,0
경기,연천군,흉부외과,0
경기,광명시,흉부외과,0
경기,동두천시,흉부외과,0
경기,부천시,흉부외과,1
경기,성남시 수정구,흉부외과,0
경기,성남시 중원구,흉부외과,0
경기,성남시 분당구,흉부외과,1
경기,수원시 권선구,흉부외과,0
경기,수원시 장안구,흉부외과,0
경기,수원시 팔달구,흉부외과,1
경기,수원시 영통구,흉부외과,0
경기,안양시 만안구,흉부외과,0
경기,안양시 동안구,흉부외과,1
경기,의정부시,흉부외과,0
경기,과천시,흉부외과,0
경기,구리시,흉부외과,0
경기,안산시 단원구,흉부외과,0
경기,안산시 상록구,흉부외과,0
경기,평택시,흉부외과,1
경기,하남시,흉부외과,0
경기,군포시,흉부외과,0
경기,남양주시,흉부외과,0
경기,의왕시,흉부외과,0
경기,시흥시,흉부외과,0
경기,오산시,흉부외과,0
경기,고양시 덕양구,흉부외과,0
경기,고양시 일산 서구,흉부외과,0
경기,고양시 일산 동구,흉부외과,0
경기,용인기흥구,흉부외과,0
경기,용인수지구,흉부외과,0
경기,용인처인구,흉부외과,0
경기,이천시,흉부외과,0
경기,파주시,흉부외과,1
경기,김포시,흉부외과,0
경기,안성시,흉부외과,0
경기,화성시,흉부외과,0
경기,광주시,흉부외과,0
경기,양주시,흉부외과,0
경기,포천시,흉부외과,0
강원,고성군,흉부외과,0
강원,양구군,흉부외과,0
강원,양양군,흉부외과,0
강원,영월군,흉부외과,0
강원,인제군,흉부외과,0
강원,정선군,흉부외과,0
강원,철원군,흉부외과,0
강원,평창군,흉부외과,0
강원,홍천군,흉부외과,0
강원,화천군,흉부외과,0
강원,횡성군,흉부외과,0
강원,강릉시,흉부외과,0
강원,동해시,흉부외과,0
강원,속초시,흉부외과,0
강원,원주시,흉부외과,0
강원,춘천시,흉부외과,0
강원,태백시,흉부외과,0
강원,삼척시,흉부외과,0
충북,괴산군,흉부외과,0
충북,단양군,흉부외과,0
충북,보은군,흉부외과,0
충북,영동군,흉부외과,0
충북,옥천군,흉부외과,0
충북,음성군,흉부외과,1
충북,진천군,흉부외과,1
충북,증평군,흉부외과,0
충북,청주시 상당구,흉부외과,0
충북,청주시 흥덕구,흉부외과,1
충북,청주시 청원구,흉부외과,0
충북,청주시 서원구,흉부외과,0
충북,충주시,흉부외과,0
충북,제천시,흉부외과,0
충남,금산군,흉부외과,0
충남,당진시,흉부외과,0
충남,부여군,흉부외과,0
충남,서천군,흉부외과,0
충남,예산군,흉부외과,0
충남,청양군,흉부외과,0
충남,홍성군,흉부외과,0
충남,태안군,흉부외과,0
충남,천안시 서북구,흉부외과,2
충남,천안시 동남구,흉부외과,2
충남,공주시,흉부외과,0
충남,보령시,흉부외과,0
충남,아산시,흉부외과,0
충남,서산시,흉부외과,0
충남,논산시,흉부외과,0
충남,계룡시,흉부외과,0
전북,고창군,흉부외과,0
전북,무주군,흉부외과,0
전북,부안군,흉부외과,0
전북,순창군,흉부외과,0
전북,완주군,흉부외과,0
전북,임실군,흉부외과,0
전북,장수군,흉부외과,0
전북,진안군,흉부외과,0
전북,군산시,흉부외과,0
전북,남원시,흉부외과,0
전북,익산시,흉부외과,0
전북,전주시 완산구,흉부외과,0
전북,전주시 덕진구,흉부외과,1
전북,정읍시,흉부외과,0
전북,김제시,흉부외과,0
전남,강진군,흉부외과,0
전남,고흥군,흉부외과,0
전남,곡성군,흉부외과,0
전남,구례군,흉부외과,0
전남,담양군,흉부외과,0
전남,무안군,흉부외과,0
전남,보성군,흉부외과,0
전남,신안군,흉부외과,0
전남,영광군,흉부외과,0
전남,영암군,흉부외과,0
전남,완도군,흉부외과,0
전남,장성군,흉부외과,0
전남,장흥군,흉부외과,0
전남,진도군,흉부외과,1
전남,함평군,흉부외과,0
전남,해남군,흉부외과,0
전남,화순군,흉부외과,0
전남,나주시,흉부외과,1
전남,목포시,흉부외과,1
전남,순천시,흉부외과,0
전남,여수시,흉부외과,0
전남,광양시,흉부외과,0
경북,고령군,흉부외과,0
경북,군위군,흉부외과,0
경북,봉화군,흉부외과,0
경북,성주군,흉부외과,0
경북,영덕군,흉부외과,0
경북,영양군,흉부외과,0
경북,예천군,흉부외과,0
경북,울릉군,흉부외과,0
경북,울진군,흉부외과,0
경북,의성군,흉부외과,0
경북,청도군,흉부외과,0
경북,청송군,흉부외과,0
경북,칠곡군,흉부외과,0
경북,경주시,흉부외과,0
경북,구미시,흉부외과,1
경북,김천시,흉부외과,0
경북,안동시,흉부외과,0
경북,영주시,흉부외과,0
경북,영천시,흉부외과,0
경북,포항시 남구,흉부외과,0
경북,포항시 북구,흉부외과,1
경북,문경시,흉부외과,0
경북,상주시,흉부외과,0
경북,경산시,흉부외과,0
경남,거창군,흉부외과,0
경남,고성군,흉부외과,0
경남,남해군,흉부외과,0
경남,산청군,흉부외과,0
경남,의령군,흉부외과,0
경남,창녕군,흉부외과,0
경남,하동군,흉부외과,0
경남,함안군,흉부외과,0
경남,함양군,흉부외과,0
경남,합천군,흉부외과,0
경남,김해시,흉부외과,0
경남,사천시,흉부외과,0
경남,진주시,흉부외과,0
경남,창원시 마산회원구,흉부외과,0
경남,창원시 마산합포구,흉부외과,1
경남,창원시 진해구,흉부외과,0
경남,창원시 의창구,흉부외과,0
경남,창원시 성산구,흉부외과,1
경남,통영시,흉부외과,0
경남,밀양시,흉부외과,0
경남,거제시,흉부외과,0
경남,양산시,흉부외과,0
제주,서귀포시,흉부외과,0
제주,제주시,흉부외과,1
서울,강남구,성형외과,375
서울,강동구,성형외과,1
서울,강서구,성형외과,1
서울,관악구,성형외과,2
서울,구로구,성형외과,1
서울,도봉구,성형외과,0
서울,동대문구,성형외과,4
서울,동작구,성형외과,3
서울,마포구,성형외과,7
서울,서대문구,성형외과,2
서울,성동구,성형외과,1
서울,성북구,성형외과,4
서울,영등포구,성형외과,3
서울,용산구,성형외과,2
서울,은평구,성형외과,3
서울,종로구,성형외과,3
서울,중구,성형외과,2
서울,송파구,성형외과,2
서울,중랑구,성형외과,0
서울,양천구,성형외과,2
서울,서초구,성형외과,64
서울,노원구,성형외과,8
서울,광진구,성형외과,1
서울,강북구,성형외과,3
서울,금천구,성형외과,0
부산,남구,성형외과,1
부산,동구,성형외과,0
부산,동래구,성형외과,1
부산,진구,성형외과,63
부산,북구,성형외과,2
부산,서구,성형외과,1
부산,영도구,성형외과,0
부산,중구,성형외과,2
부산,해운대구,성형외과,14
부산,사하구,성형외과,2
부산,금정구,성형외과,0
부산,강서구,성형외과,0
부산,연제구,성형외과,0
부산,수영구,성형외과,2
부산,사상구,성형외과,0
부산,기장군,성형외과,0
대구,남구,성형외과,1
대구,동구,성형외과,2
대구,북구,성형외과,2
대구,서구,성형외과,1
대구,수성구,성형외과,6
대구,중구,성형외과,44
대구,달서구,성형외과,4
대구,달성군,성형외과,0
인천,남구,성형외과,0
인천,미추홀구,성형외과,1
인천,동구,성형외과,0
인천,부평구,성형외과,9
인천,중구,성형외과,2
인천,서구,성형외과,2
인천,남동구,성형외과,9
인천,연수구,성형외과,1
인천,계양구,성형외과,1
인천,강화군,성형외과,0
인천,옹진군,성형외과,0
광주,동구,성형외과,3
광주,북구,성형외과,1
광주,서구,성형외과,24
광주,광산구,성형외과,1
광주,남구,성형외과,0
대전,유성구,성형외과,2
대전,대덕구,성형외과,0
대전,서구,성형외과,27
대전,동구,성형외과,1
대전,중구,성형외과,1
울산,남구,성형외과,10
울산,동구,성형외과,0
울산,중구,성형외과,2
울산,북구,성형외과,1
울산,울주군,성형외과,0
세종,세종시,성형외과,3
경기,가평군,성형외과,0
경기,양평군,성형외과,0
경기,여주시,성형외과,0
경기,연천군,성형외과,0
경기,광명시,성형외과,1
경기,동두천시,성형외과,1
경기,부천시,성형외과,9
경기,성남시 수정구,성형외과,2
경기,성남시 중원구,성형외과,1
경기,성남시 분당구,성형외과,9
경기,수원시 권선구,성형외과,1
경기,수원시 장안구,성형외과,0
경기,수원시 팔달구,성형외과,12
경기,수원시 영통구,성형외과,3
경기,안양시 만안구,성형외과,2
경기,안양시 동안구,성형외과,6
경기,의정부시,성형외과,6
경기,과천시,성형외과,0
경기,구리시,성형외과,3
경기,안산시 단원구,성형외과,8
경기,안산시 상록구,성형외과,0
경기,평택시,성형외과,6
경기,하남시,성형외과,0
경기,군포시,성형외과,1
경기,남양주시,성형외과,1
경기,의왕시,성형외과,0
경기,시흥시,성형외과,2
경기,오산시,성형외과,2
경기,고양시 덕양구,성형외과,1
경기,고양시 일산 서구,성형외과,3
경기,고양시 일산 동구,성형외과,5
경기,용인기흥구,성형외과,3
경기,용인수지구,성형외과,2
경기,용인처인구,성형외과,0
경기,이천시,성형외과,2
경기,파주시,성형외과,1
경기,김포시,성형외과,2
경기,안성시,성형외과,0
경기,화성시,성형외과,2
경기,광주시,성형외과,1
경기,양주시,성형외과,0
경기,포천시,성형외과,0
강원,고성군,성형외과,0
강원,양구군,성형외과,0
강원,양양군,성형외과,0
강원,영월군,성형외과,0
강원,인제군,성형외과,0
강원,정선군,성형외과,0
강원,철원군,성형외과,0
강원,평창군,성형외과,0
강원,홍천군,성형외과,0
강원,화천군,성형외과,0
강원,횡성군,성형외과,0
강원,강릉시,성형외과,4
강원,동해시,성형외과,1
강원,속초시,성형외과,1
강원,원주시,성형외과,6
강원,춘천시,성형외과,2
강원,태백시,성형외과,0
강원,삼척시,성형외과,0
충북,괴산군,성형외과,0
충북,단양군,성형외과,0
충북,보은군,성형외과,0
충북,영동군,성형외과,0
충북,옥천군,성형외과,0
충북,음성군,성형외과,0
충북,진천군,성형외과,0
충북,증평군,성형외과,0
충북,청주시 상당구,성형외과,5
충북,청주시 흥덕구,성형외과,4
충북,청주시 청원구,성형외과,0
충북,청주시 서원구,성형외과,0
충북,충주시,성형외과,1
충북,제천시,성형외과,0
충남,금산군,성형외과,0
충남,당진시,성형외과,2
충남,부여군,성형외과,0
충남,서천군,성형외과,0
충남,예산군,성형외과,0
충남,청양군,성형외과,0
충남,홍성군,성형외과,1
충남,태안군,성형외과,0
충남,천안시 서북구,성형외과,5
충남,천안시 동남구,성형외과,6
충남,공주시,성형외과,0
충남,보령시,성형외과,0
충남,아산시,성형외과,1
충남,서산시,성형외과,1
충남,논산시,성형외과,0
충남,계룡시,성형외과,0
전북,고창군,성형외과,0
전북,무주군,성형외과,0
전북,부안군,성형외과,0
전북,순창군,성형외과,0
전북,완주군,성형외과,1
전북,임실군,성형외과,0
전북,장수군,성형외과,0
전북,진안군,성형외과,0
전북,군산시,성형외과,1
전북,남원시,성형외과,0
전북,익산시,성형외과,3
전북,전주시 완산구,성형외과,13
전북,전주시 덕진구,성형외과,1
전북,정읍시,성형외과,0
전북,김제시,성형외과,0
전남,강진군,성형외과,0
전남,고흥군,성형외과,0
전남,곡성군,성형외과,0
전남,구례군,성형외과,0
전남,담양군,성형외과,0
전남,무안군,성형외과,1
전남,보성군,성형외과,0
전남,신안군,성형외과,0
전남,영광군,성형외과,0
전남,영암군,성형외과,0
전남,완도군,성형외과,0
전남,장성군,성형외과,0
전남,장흥군,성형외과,0
전남,진도군,성형외과,0
전남,함평군,성형외과,0
전남,해남군,성형외과,0
전남,화순군,성형외과,0
전남,나주시,성형외과,0
전남,목포시,성형외과,2
전남,순천시,성형외과,3
전남,여수시,성형외과,3
전남,광양시,성형외과,1
경북,고령군,성형외과,0
경북,군위군,성형외과,0
경북,봉화군,성형외과,0
경북,성주군,성형외과,0
경북,영덕군,성형외과,0
경북,영양군,성형외과,0
경북,예천군,성형외과,0
경북,울릉군,성형외과,0
경북,울진군,성형외과,0
경북,의성군,성형외과,0
경북,청도군,성형외과,0
경북,청송군,성형외과,0
경북,칠곡군,성형외과,0
경북,경주시,성형외과,0
경북,구미시,성형외과,1
경북,김천시,성형외과,1
경북,안동시,성형외과,2
경북,영주시,성형외과,0
경북,영천시,성형외과,0
경북,포항시 남구,성형외과,1
경북,포항시 북구,성형외과,5
경북,문경시,성형외과,0
경북,상주시,성형외과,0
경북,경산시,성형외과,1
경남,거창군,성형외과,0
경남,고성군,성형외과,0
경남,남해군,성형외과,0
경남,산청군,성형외과,0
경남,의령군,성형외과,0
경남,창녕군,성형외과,0
경남,하동군,성형외과,0
경남,함안군,성형외과,0
경남,함양군,성형외과,0
경남,합천군,성형외과,0
경남,김해시,성형외과,1
경남,사천시,성형외과,0
경남,진주시,성형외과,2
경남,창원시 마산회원구,성형외과,2
경남,창원시 마산합포구,성형외과,0
경남,창원시 진해구,성형외과,0
경남,창원시 의창구,성형외과,2
경남,창원시 성산구,성형외과,7
경남,통영시,성형외과,1
경남,밀양시,성형외과,1
경남,거제시,성형외과,1
경남,양산시,성형외과,1
제주,서귀포시,성형외과,1
제주,제주시,성형외과,14
서울,강남구,마취통증의학과,13
서울,강동구,마취통증의학과,13
서울,강서구,마취통증의학과,15
서울,관악구,마취통증의학과,8
서울,구로구,마취통증의학과,5
서울,도봉구,마취통증의학과,8
서울,동대문구,마취통증의학과,8
서울,동작구,마취통증의학과,9
서울,마포구,마취통증의학과,9
서울,서대문구,마취통증의학과,7
서울,성동구,마취통증의학과,9
서울,성북구,마취통증의학과,9
서울,영등포구,마취통증의학과,12
서울,용산구,마취통증의학과,2
서울,은평구,마취통증의학과,15
서울,종로구,마취통증의학과,10
서울,중구,마취통증의학과,5
서울,송파구,마취통증의학과,17
서울,중랑구,마취통증의학과,8
서울,양천구,마취통증의학과,11
서울,서초구,마취통증의학과,12
서울,노원구,마취통증의학과,11
서울,광진구,마취통증의학과,13
서울,강북구,마취통증의학과,12
서울,금천구,마취통증의학과,6
부산,남구,마취통증의학과,5
부산,동구,마취통증의학과,5
부산,동래구,마취통증의학과,12
부산,진구,마취통증의학과,13
부산,북구,마취통증의학과,9
부산,서구,마취통증의학과,0
부산,영도구,마취통증의학과,4
부산,중구,마취통증의학과,5
부산,해운대구,마취통증의학과,7
부산,사하구,마취통증의학과,10
부산,금정구,마취통증의학과,10
부산,강서구,마취통증의학과,1
부산,연제구,마취통증의학과,10
부산,수영구,마취통증의학과,7
부산,사상구,마취통증의학과,5
부산,기장군,마취통증의학과,4
대구,남구,마취통증의학과,8
대구,동구,마취통증의학과,11
대구,북구,마취통증의학과,10
대구,서구,마취통증의학과,6
대구,수성구,마취통증의학과,16
대구,중구,마취통증의학과,4
대구,달서구,마취통증의학과,14
대구,달성군,마취통증의학과,4
인천,남구,마취통증의학과,0
인천,미추홀구,마취통증의학과,7
인천,동구,마취통증의학과,1
인천,부평구,마취통증의학과,8
인천,중구,마취통증의학과,0
인천,서구,마취통증의학과,6
인천,남동구,마취통증의학과,10
인천,연수구,마취통증의학과,6
인천,계양구,마취통증의학과,6
인천,강화군,마취통증의학과,1
인천,옹진군,마취통증의학과,0
광주,동구,마취통증의학과,5
광주,북구,마취통증의학과,13
광주,서구,마취통증의학과,6
광주,광산구,마취통증의학과,8
광주,남구,마취통증의학과,6
대전,유성구,마취통증의학과,6
대전,대덕구,마취통증의학과,3
대전,서구,마취통증의학과,10
대전,동구,마취통증의학과,9
대전,중구,마취통증의학과,6
울산,남구,마취통증의학과,14
울산,동구,마취통증의학과,5
울산,중구,마취통증의학과,3
울산,북구,마취통증의학과,2
울산,울주군,마취통증의학과,3
세종,세종시,마취통증의학과,7
경기,가평군,마취통증의학과,1
경기,양평군,마취통증의학과,2
경기,여주시,마취통증의학과,1
경기,연천군,마취통증의학과,0
경기,광명시,마취통증의학과,4
경기,동두천시,마취통증의학과,1
경기,부천시,마취통증의학과,13
경기,성남시 수정구,마취통증의학과,9
경기,성남시 중원구,마취통증의학과,4
경기,성남시 분당구,마취통증의학과,17
경기,수원시 권선구,마취통증의학과,2
경기,수원시 장안구,마취통증의학과,4
경기,수원시 팔달구,마취통증의학과,7
경기,수원시 영통구,마취통증의학과,8
경기,안양시 만안구,마취통증의학과,7
경기,안양시 동안구,마취통증의학과,13
경기,의정부시,마취통증의학과,10
경기,과천시,마취통증의학과,1
경기,구리시,마취통증의학과,8
경기,안산시 단원구,마취통증의학과,8
경기,안산시 상록구,마취통증의학과,3
경기,평택시,마취통증의학과,6
경기,하남시,마취통증의학과,4
경기,군포시,마취통증의학과,3
경기,남양주시,마취통증의학과,11
경기,의왕시,마취통증의학과,1
경기,시흥시,마취통증의학과,4
경기,오산시,마취통증의학과,3
경기,고양시 덕양구,마취통증의학과,6
경기,고양시 일산 서구,마취통증의학과,6
경기,고양시 일산 동구,마취통증의학과,4
경기,용인기흥구,마취통증의학과,4
경기,용인수지구,마취통증의학과,7
경기,용인처인구,마취통증의학과,1
경기,이천시,마취통증의학과,3
경기,파주시,마취통증의학과,1
경기,김포시,마취통증의학과,5
경기,안성시,마취통증의학과,3
경기,화성시,마취통증의학과,8
경기,광주시,마취통증의학과,6
경기,양주시,마취통증의학과,2
경기,포천시,마취통증의학과,2
강원,고성군,마취통증의학과,0
강원,양구군,마취통증의학과,0
강원,양양군,마취통증의학과,0
강원,영월군,마취통증의학과,0
강원,인제군,마취통증의학과,0
강원,정선군,마취통증의학과,0
강원,철원군,마취통증의학과,0
강원,평창군,마취통증의학과,0
강원,홍천군,마취통증의학과,2
강원,화천군,마취통증의학과,0
강원,횡성군,마취통증의학과,0
강원,강릉시,마취통증의학과,6
강원,동해시,마취통증의학과,3
강원,속초시,마취통증의학과,5
강원,원주시,마취통증의학과,4
강원,춘천시,마취통증의학과,5
강원,태백시,마취통증의학과,0
강원,삼척시,마취통증의학과,0
충북,괴산군,마취통증의학과,0
충북,단양군,마취통증의학과,0
충북,보은군,마취통증의학과,1
충북,영동군,마취통증의학과,2
충북,옥천군,마취통증의학과,1
충북,음성군,마취통증의학과,0
충북,진천군,마취통증의학과,1
충북,증평군,마취통증의학과,2
충북,청주시 상당구,마취통증의학과,4
충북,청주시 흥덕구,마취통증의학과,5
충북,청주시 청원구,마취통증의학과,2
충북,청주시 서원구,마취통증의학과,4
충북,충주시,마취통증의학과,5
충북,제천시,마취통증의학과,1
충남,금산군,마취통증의학과,1
충남,당진시,마취통증의학과,3
충남,부여군,마취통증의학과,0
충남,서천군,마취통증의학과,1
충남,예산군,마취통증의학과,1
충남,청양군,마취통증의학과,1
충남,홍성군,마취통증의학과,1
충남,태안군,마취통증의학과,1
충남,천안시 서북구,마취통증의학과,8
충남,천안시 동남구,마취통증의학과,4
충남,공주시,마취통증의학과,2
충남,보령시,마취통증의학과,2
충남,아산시,마취통증의학과,1
충남,서산시,마취통증의학과,2
충남,논산시,마취통증의학과,3
충남,계룡시,마취통증의학과,1
전북,고창군,마취통증의학과,1
전북,무주군,마취통증의학과,0
전북,부안군,마취통증의학과,0
전북,순창군,마취통증의학과,0
전북,완주군,마취통증의학과,2
전북,임실군,마취통증의학과,1
전북,장수군,마취통증의학과,0
전북,진안군,마취통증의학과,1
전북,군산시,마취통증의학과,3
전북,남원시,마취통증의학과,4
전북,익산시,마취통증의학과,6
전북,전주시 완산구,마취통증의학과,15
전북,전주시 덕진구,마취통증의학과,12
전북,정읍시,마취통증의학과,3
전북,김제시,마취통증의학과,3
전남,강진군,마취통증의학과,1
전남,고흥군,마취통증의학과,2
전남,곡성군,마취통증의학과,0
전남,구례군,마취통증의학과,1
전남,담양군,마취통증의학과,0
전남,무안군,마취통증의학과,2
전남,보성군,마취통증의학과,2
전남,신안군,마취통증의학과,0
전남,영광군,마취통증의학과,2
전남,영암군,마취통증의학과,0
전남,완도군,마취통증의학과,3
전남,장성군,마취통증의학과,2
전남,장흥군,마취통증의학과,2
전남,진도군,마취통증의학과,0
전남,함평군,마취통증의학과,0
전남,해남군,마취통증의학과,1
전남,화순군,마취통증의학과,4
전남,나주시,마취통증의학과,2
전남,목포시,마취통증의학과,6
전남,순천시,마취통증의학과,4
전남,여수시,마취통증의학과,8
전남,광양시,마취통증의학과,3
경북,고령군,마취통증의학과,0
경북,군위군,마취통증의학과,1
경북,봉화군,마취통증의학과,0
경북,성주군,마취통증의학과,1
경북,영덕군,마취통증의학과,2
경북,영양군,마취통증의학과,0
경북,예천군,마취통증의학과,1
경북,울릉군,마취통증의학과,0
경북,울진군,마취통증의학과,2
경북,의성군,마취통증의학과,1
경북,청도군,마취통증의학과,1
경북,청송군,마취통증의학과,0
경북,칠곡군,마취통증의학과,3
경북,경주시,마취통증의학과,6
경북,구미시,마취통증의학과,5
경북,김천시,마취통증의학과,2
경북,안동시,마취통증의학과,4
경북,영주시,마취통증의학과,3
경북,영천시,마취통증의학과,3
경북,포항시 남구,마취통증의학과,3
경북,포항시 북구,마취통증의학과,7
경북,문경시,마취통증의학과,2
경북,상주시,마취통증의학과,2
경북,경산시,마취통증의학과,4
경남,거창군,마취통증의학과,1
경남,고성군,마취통증의학과,2
경남,남해군,마취통증의학과,0
경남,산청군,마취통증의학과,0
경남,의령군,마취통증의학과,0
경남,창녕군,마취통증의학과,2
경남,하동군,마취통증의학과,0
경남,함안군,마취통증의학과,1
경남,함양군,마취통증의학과,2
경남,합천군,마취통증의학과,1
경남,김해시,마취통증의학과,4
경남,사천시,마취통증의학과,3
경남,진주시,마취통증의학과,11
경남,창원시 마산회원구,마취통증의학과,5
경남,창원시 마산합포구,마취통증의학과,5
경남,창원시 진해구,마취통증의학과,1
경남,창원시 의창구,마취통증의학과,5
경남,창원시 성산구,마취통증의학과,2
경남,통영시,마취통증의학과,2
경남,밀양시,마취통증의학과,1
경남,거제시,마취통증의학과,5
경남,양산시,마취통증의학과,9
제주,서귀포시,마취통증의학과,4
제주,제주시,마취통증의학과,14
서울,강남구,산부인과,55
서울,강동구,산부인과,17
서울,강서구,산부인과,14
서울,관악구,산부인과,20
서울,구로구,산부인과,12
서울,도봉구,산부인과,7
서울,동대문구,산부인과,18
서울,동작구,산부인과,10
서울,마포구,산부인과,26
서울,서대문구,산부인과,10
서울,성동구,산부인과,9
서울,성북구,산부인과,13
서울,영등포구,산부인과,17
서울,용산구,산부인과,8
서울,은평구,산부인과,13
서울,종로구,산부인과,9
서울,중구,산부인과,10
서울,송파구,산부인과,25
서울,중랑구,산부인과,11
서울,양천구,산부인과,16
서울,서초구,산부인과,24
서울,노원구,산부인과,17
서울,광진구,산부인과,14
서울,강북구,산부인과,9
서울,금천구,산부인과,10
부산,남구,산부인과,4
부산,동구,산부인과,3
부산,동래구,산부인과,5
부산,진구,산부인과,8
부산,북구,산부인과,5
부산,서구,산부인과,2
부산,영도구,산부인과,5
부산,중구,산부인과,2
부산,해운대구,산부인과,10
부산,사하구,산부인과,3
부산,금정구,산부인과,3
부산,강서구,산부인과,1
부산,연제구,산부인과,4
부산,수영구,산부인과,3
부산,사상구,산부인과,5
부산,기장군,산부인과,2
대구,남구,산부인과,5
대구,동구,산부인과,15
대구,북구,산부인과,12
대구,서구,산부인과,4
대구,수성구,산부인과,15
대구,중구,산부인과,11
대구,달서구,산부인과,21
대구,달성군,산부인과,4
인천,남구,산부인과,0
인천,미추홀구,산부인과,7
인천,동구,산부인과,2
인천,부평구,산부인과,15
인천,중구,산부인과,3
인천,서구,산부인과,11
인천,남동구,산부인과,10
인천,연수구,산부인과,5
인천,계양구,산부인과,6
인천,강화군,산부인과,0
인천,옹진군,산부인과,0
광주,동구,산부인과,4
광주,북구,산부인과,9
광주,서구,산부인과,9
광주,광산구,산부인과,13
광주,남구,산부인과,2
대전,유성구,산부인과,10
대전,대덕구,산부인과,6
대전,서구,산부인과,19
대전,동구,산부인과,7
대전,중구,산부인과,3
울산,남구,산부인과,16
울산,동구,산부인과,5
울산,중구,산부인과,5
울산,북구,산부인과,4
울산,울주군,산부인과,2
세종,세종시,산부인과,6
경기,가평군,산부인과,0
경기,양평군,산부인과,1
경기,여주시,산부인과,2
경기,연천군,산부인과,0
경기,광명시,산부인과,9
경기,동두천시,산부인과,3
경기,부천시,산부인과,17
경기,성남시 수정구,산부인과,5
경기,성남시 중원구,산부인과,7
경기,성남시 분당구,산부인과,17
경기,수원시 권선구,산부인과,5
경기,수원시 장안구,산부인과,4
경기,수원시 팔달구,산부인과,14
경기,수원시 영통구,산부인과,7
경기,안양시 만안구,산부인과,5
경기,안양시 동안구,산부인과,12
경기,의정부시,산부인과,10
경기,과천시,산부인과,1
경기,구리시,산부인과,6
경기,안산시 단원구,산부인과,15
경기,안산시 상록구,산부인과,6
경기,평택시,산부인과,11
경기,하남시,산부인과,3
경기,군포시,산부인과,5
경기,남양주시,산부인과,15
경기,의왕시,산부인과,1
경기,시흥시,산부인과,10
경기,오산시,산부인과,3
경기,고양시 덕양구,산부인과,8
경기,고양시 일산 서구,산부인과,7
경기,고양시 일산 동구,산부인과,6
경기,용인기흥구,산부인과,6
경기,용인수지구,산부인과,7
경기,용인처인구,산부인과,5
경기,이천시,산부인과,4
경기,파주시,산부인과,3
경기,김포시,산부인과,8
경기,안성시,산부인과,3
경기,화성시,산부인과,8
경기,광주시,산부인과,4
경기,양주시,산부인과,2
경기,포천시,산부인과,3
강원,고성군,산부인과,0
강원,양구군,산부인과,0
강원,양양군,산부인과,0
강원,영월군,산부인과,0
강원,인제군,산부인과,0
강원,정선군,산부인과,0
강원,철원군,산부인과,0
강원,평창군,산부인과,0
강원,홍천군,산부인과,1
강원,화천군,산부인과,0
강원,횡성군,산부인과,0
강원,강릉시,산부인과,6
강원,동해시,산부인과,3
강원,속초시,산부인과,4
강원,원주시,산부인과,9
강원,춘천시,산부인과,6
강원,태백시,산부인과,1
강원,삼척시,산부인과,1
충북,괴산군,산부인과,0
충북,단양군,산부인과,0
충북,보은군,산부인과,1
충북,영동군,산부인과,0
충북,옥천군,산부인과,1
충북,음성군,산부인과,2
충북,진천군,산부인과,1
충북,증평군,산부인과,1
충북,청주시 상당구,산부인과,6
충북,청주시 흥덕구,산부인과,9
충북,청주시 청원구,산부인과,3
충북,청주시 서원구,산부인과,3
충북,충주시,산부인과,7
충북,제천시,산부인과,7
충남,금산군,산부인과,1
충남,당진시,산부인과,2
충남,부여군,산부인과,0
충남,서천군,산부인과,1
충남,예산군,산부인과,1
충남,청양군,산부인과,0
충남,홍성군,산부인과,3
충남,태안군,산부인과,0
충남,천안시 서북구,산부인과,12
충남,천안시 동남구,산부인과,5
충남,공주시,산부인과,4
충남,보령시,산부인과,2
충남,아산시,산부인과,4
충남,서산시,산부인과,3
충남,논산시,산부인과,3
충남,계룡시,산부인과,1
전북,고창군,산부인과,0
전북,무주군,산부인과,0
전북,부안군,산부인과,1
전북,순창군,산부인과,0
전북,완주군,산부인과,1
전북,임실군,산부인과,0
전북,장수군,산부인과,0
전북,진안군,산부인과,0
전북,군산시,산부인과,7
전북,남원시,산부인과,2
전북,익산시,산부인과,10
전북,전주시 완산구,산부인과,10
전북,전주시 덕진구,산부인과,13
전북,정읍시,산부인과,4
전북,김제시,산부인과,2
전남,강진군,산부인과,0
전남,고흥군,산부인과,1
전남,곡성군,산부인과,0
전남,구례군,산부인과,0
전남,담양군,산부인과,0
전남,무안군,산부인과,0
전남,보성군,산부인과,0
전남,신안군,산부인과,0
전남,영광군,산부인과,0
전남,영암군,산부인과,0
전남,완도군,산부인과,0
전남,장성군,산부인과,0
전남,장흥군,산부인과,1
전남,진도군,산부인과,0
전남,함평군,산부인과,0
전남,해남군,산부인과,1
전남,화순군,산부인과,0
전남,나주시,산부인과,3
전남,목포시,산부인과,6
전남,순천시,산부인과,5
전남,여수시,산부인과,2
전남,광양시,산부인과,0
경북,고령군,산부인과,0
경북,군위군,산부인과,0
경북,봉화군,산부인과,0
경북,성주군,산부인과,0
경북,영덕군,산부인과,0
경북,영양군,산부인과,0
경북,예천군,산부인과,0
경북,울릉군,산부인과,0
경북,울진군,산부인과,0
경북,의성군,산부인과,0
경북,청도군,산부인과,0
경북,청송군,산부인과,0
경북,칠곡군,산부인과,2
경북,경주시,산부인과,5
경북,구미시,산부인과,15
경북,김천시,산부인과,5
경북,안동시,산부인과,4
경북,영주시,산부인과,3
경북,영천시,산부인과,2
경북,포항시 남구,산부인과,2
경북,포항시 북구,산부인과,4
경북,문경시,산부인과,3
경북,상주시,산부인과,2
경북,경산시,산부인과,7
경남,거창군,산부인과,0
경남,고성군,산부인과,0
경남,남해군,산부인과,1
경남,산청군,산부인과,0
경남,의령군,산부인과,0
경남,창녕군,산부인과,1
경남,하동군,산부인과,0
경남,함안군,산부인과,1
경남,함양군,산부인과,0
경남,합천군,산부인과,0
경남,김해시,산부인과,10
경남,사천시,산부인과,2
경남,진주시,산부인과,6
경남,창원시 마산회원구,산부인과,6
경남,창원시 마산합포구,산부인과,6
경남,창원시 진해구,산부인과,3
경남,창원시 의창구,산부인과,6
경남,창원시 성산구,산부인과,4
경남,통영시,산부인과,2
경남,밀양시,산부인과,2
경남,거제시,산부인과,3
경남,양산시,산부인과,6
제주,서귀포시,산부인과,4
제주,제주시,산부인과,18
서울,강남구,소아청소년과,30
서울,강동구,소아청소년과,24
서울,강서구,소아청소년과,32
서울,관악구,소아청소년과,22
서울,구로구,소아청소년과,19
서울,도봉구,소아청소년과,15
서울,동대문구,소아청소년과,17
서울,동작구,소아청소년과,15
서울,마포구,소아청소년과,22
서울,서대문구,소아청소년과,13
서울,성동구,소아청소년과,23
서울,성북구,소아청소년과,19
서울,영등포구,소아청소년과,23
서울,용산구,소아청소년과,9
서울,은평구,소아청소년과,25
서울,종로구,소아청소년과,4
서울,중구,소아청소년과,5
서울,송파구,소아청소년과,45
서울,중랑구,소아청소년과,18
서울,양천구,소아청소년과,26
서울,서초구,소아청소년과,30
서울,노원구,소아청소년과,31
서울,광진구,소아청소년과,20
서울,강북구,소아청소년과,11
서울,금천구,소아청소년과,11
부산,남구,소아청소년과,11
부산,동구,소아청소년과,1
부산,동래구,소아청소년과,11
부산,진구,소아청소년과,17
부산,북구,소아청소년과,13
부산,서구,소아청소년과,3
부산,영도구,소아청소년과,3
부산,중구,소아청소년과,2
부산,해운대구,소아청소년과,24
부산,사하구,소아청소년과,12
부산,금정구,소아청소년과,6
부산,강서구,소아청소년과,7
부산,연제구,소아청소년과,11
부산,수영구,소아청소년과,3
부산,사상구,소아청소년과,7
부산,기장군,소아청소년과,6
대구,남구,소아청소년과,4
대구,동구,소아청소년과,19
대구,북구,소아청소년과,21
대구,서구,소아청소년과,3
대구,수성구,소아청소년과,22
대구,중구,소아청소년과,5
대구,달서구,소아청소년과,24
대구,달성군,소아청소년과,14
인천,남구,소아청소년과,0
인천,미추홀구,소아청소년과,18
인천,동구,소아청소년과,2
인천,부평구,소아청소년과,26
인천,중구,소아청소년과,3
인천,서구,소아청소년과,31
인천,남동구,소아청소년과,30
인천,연수구,소아청소년과,20
인천,계양구,소아청소년과,16
인천,강화군,소아청소년과,2
인천,옹진군,소아청소년과,0
광주,동구,소아청소년과,2
광주,북구,소아청소년과,10
광주,서구,소아청소년과,8
광주,광산구,소아청소년과,16
광주,남구,소아청소년과,7
대전,유성구,소아청소년과,21
대전,대덕구,소아청소년과,7
대전,서구,소아청소년과,21
대전,동구,소아청소년과,6
대전,중구,소아청소년과,9
울산,남구,소아청소년과,10
울산,동구,소아청소년과,5
울산,중구,소아청소년과,8
울산,북구,소아청소년과,8
울산,울주군,소아청소년과,5
세종,세종시,소아청소년과,22
경기,가평군,소아청소년과,1
경기,양평군,소아청소년과,3
경기,여주시,소아청소년과,4
경기,연천군,소아청소년과,0
경기,광명시,소아청소년과,17
경기,동두천시,소아청소년과,5
경기,부천시,소아청소년과,38
경기,성남시 수정구,소아청소년과,18
경기,성남시 중원구,소아청소년과,11
경기,성남시 분당구,소아청소년과,29
경기,수원시 권선구,소아청소년과,20
경기,수원시 장안구,소아청소년과,13
경기,수원시 팔달구,소아청소년과,8
경기,수원시 영통구,소아청소년과,21
경기,안양시 만안구,소아청소년과,9
경기,안양시 동안구,소아청소년과,22
경기,의정부시,소아청소년과,20
경기,과천시,소아청소년과,1
경기,구리시,소아청소년과,12
경기,안산시 단원구,소아청소년과,17
경기,안산시 상록구,소아청소년과,10
경기,평택시,소아청소년과,17
경기,하남시,소아청소년과,21
경기,군포시,소아청소년과,14
경기,남양주시,소아청소년과,40
경기,의왕시,소아청소년과,11
경기,시흥시,소아청소년과,29
경기,오산시,소아청소년과,9
경기,고양시 덕양구,소아청소년과,26
경기,고양시 일산 서구,소아청소년과,14
경기,고양시 일산 동구,소아청소년과,13
경기,용인기흥구,소아청소년과,34
경기,용인수지구,소아청소년과,21
경기,용인처인구,소아청소년과,8
경기,이천시,소아청소년과,7
경기,파주시,소아청소년과,22
경기,김포시,소아청소년과,25
경기,안성시,소아청소년과,10
경기,화성시,소아청소년과,42
경기,광주시,소아청소년과,17
경기,양주시,소아청소년과,11
경기,포천시,소아청소년과,5
강원,고성군,소아청소년과,0
강원,양구군,소아청소년과,0
강원,양양군,소아청소년과,0
강원,영월군,소아청소년과,0
강원,인제군,소아청소년과,0
강원,정선군,소아청소년과,0
강원,철원군,소아청소년과,0
강원,평창군,소아청소년과,0
강원,홍천군,소아청소년과,2
강원,화천군,소아청소년과,0
강원,횡성군,소아청소년과,1
강원,강릉시,소아청소년과,11
강원,동해시,소아청소년과,3
강원,속초시,소아청소년과,5
강원,원주시,소아청소년과,17
강원,춘천시,소아청소년과,8
강원,태백시,소아청소년과,3
강원,삼척시,소아청소년과,3
충북,괴산군,소아청소년과,0
충북,단양군,소아청소년과,0
충북,보은군,소아청소년과,0
충북,영동군,소아청소년과,0
충북,옥천군,소아청소년과,1
충북,음성군,소아청소년과,3
충북,진천군,소아청소년과,2
충북,증평군,소아청소년과,1
충북,청주시 상당구,소아청소년과,8
충북,청주시 흥덕구,소아청소년과,10
충북,청주시 청원구,소아청소년과,5
충북,청주시 서원구,소아청소년과,8
충북,충주시,소아청소년과,7
충북,제천시,소아청소년과,5
충남,금산군,소아청소년과,1
충남,당진시,소아청소년과,4
충남,부여군,소아청소년과,1
충남,서천군,소아청소년과,1
충남,예산군,소아청소년과,0
충남,청양군,소아청소년과,0
충남,홍성군,소아청소년과,5
충남,태안군,소아청소년과,0
충남,천안시 서북구,소아청소년과,16
충남,천안시 동남구,소아청소년과,5
충남,공주시,소아청소년과,4
충남,보령시,소아청소년과,4
충남,아산시,소아청소년과,12
충남,서산시,소아청소년과,4
충남,논산시,소아청소년과,3
충남,계룡시,소아청소년과,2
전북,고창군,소아청소년과,0
전북,무주군,소아청소년과,0
전북,부안군,소아청소년과,1
전북,순창군,소아청소년과,0
전북,완주군,소아청소년과,7
전북,임실군,소아청소년과,0
전북,장수군,소아청소년과,0
전북,진안군,소아청소년과,0
전북,군산시,소아청소년과,11
전북,남원시,소아청소년과,3
전북,익산시,소아청소년과,10
전북,전주시 완산구,소아청소년과,17
전북,전주시 덕진구,소아청소년과,20
전북,정읍시,소아청소년과,4
전북,김제시,소아청소년과,3
전남,강진군,소아청소년과,0
전남,고흥군,소아청소년과,0
전남,곡성군,소아청소년과,0
전남,구례군,소아청소년과,0
전남,담양군,소아청소년과,0
전남,무안군,소아청소년과,1
전남,보성군,소아청소년과,0
전남,신안군,소아청소년과,0
전남,영광군,소아청소년과,1
전남,영암군,소아청소년과,0
전남,완도군,소아청소년과,0
전남,장성군,소아청소년과,0
전남,장흥군,소아청소년과,0
전남,진도군,소아청소년과,0
전남,함평군,소아청소년과,0
전남,해남군,소아청소년과,0
전남,화순군,소아청소년과,3
전남,나주시,소아청소년과,4
전남,목포시,소아청소년과,3
전남,순천시,소아청소년과,5
전남,여수시,소아청소년과,6
전남,광양시,소아청소년과,4
경북,고령군,소아청소년과,0
경북,군위군,소아청소년과,0
경북,봉화군,소아청소년과,0
경북,성주군,소아청소년과,0
경북,영덕군,소아청소년과,0
경북,영양군,소아청소년과,0
경북,예천군,소아청소년과,0
경북,울릉군,소아청소년과,0
경북,울진군,소아청소년과,0
경북,의성군,소아청소년과,0
경북,청도군,소아청소년과,0
경북,청송군,소아청소년과,0
경북,칠곡군,소아청소년과,5
경북,경주시,소아청소년과,4
경북,구미시,소아청소년과,19
경북,김천시,소아청소년과,4
경북,안동시,소아청소년과,2
경북,영주시,소아청소년과,3
경북,영천시,소아청소년과,2
경북,포항시 남구,소아청소년과,11
경북,포항시 북구,소아청소년과,9
경북,문경시,소아청소년과,1
경북,상주시,소아청소년과,3
경북,경산시,소아청소년과,11
경남,거창군,소아청소년과,2
경남,고성군,소아청소년과,1
경남,남해군,소아청소년과,0
경남,산청군,소아청소년과,0
경남,의령군,소아청소년과,0
경남,창녕군,소아청소년과,1
경남,하동군,소아청소년과,0
경남,함안군,소아청소년과,0
경남,함양군,소아청소년과,1
경남,합천군,소아청소년과,1
경남,김해시,소아청소년과,17
경남,사천시,소아청소년과,3
경남,진주시,소아청소년과,18
경남,창원시 마산회원구,소아청소년과,4
경남,창원시 마산합포구,소아청소년과,2
경남,창원시 진해구,소아청소년과,9
경남,창원시 의창구,소아청소년과,8
경남,창원시 성산구,소아청소년과,7
경남,통영시,소아청소년과,5
경남,밀양시,소아청소년과,2
경남,거제시,소아청소년과,5
경남,양산시,소아청소년과,19
제주,서귀포시,소아청소년과,4
제주,제주시,소아청소년과,24
서울,강남구,안과,62
서울,강동구,안과,18
서울,강서구,안과,18
서울,관악구,안과,14
서울,구로구,안과,14
서울,도봉구,안과,11
서울,동대문구,안과,14
서울,동작구,안과,15
서울,마포구,안과,16
서울,서대문구,안과,13
서울,성동구,안과,10
서울,성북구,안과,14
서울,영등포구,안과,14
서울,용산구,안과,6
서울,은평구,안과,20
서울,종로구,안과,11
서울,중구,안과,9
서울,송파구,안과,31
서울,중랑구,안과,13
서울,양천구,안과,13
서울,서초구,안과,36
서울,노원구,안과,21
서울,광진구,안과,14
서울,강북구,안과,12
서울,금천구,안과,9
부산,남구,안과,7
부산,동구,안과,4
부산,동래구,안과,14
부산,진구,안과,25
부산,북구,안과,6
부산,서구,안과,4
부산,영도구,안과,3
부산,중구,안과,2
부산,해운대구,안과,14
부산,사하구,안과,13
부산,금정구,안과,9
부산,강서구,안과,1
부산,연제구,안과,6
부산,수영구,안과,7
부산,사상구,안과,7
부산,기장군,안과,5
대구,남구,안과,6
대구,동구,안과,11
대구,북구,안과,14
대구,서구,안과,5
대구,수성구,안과,20
대구,중구,안과,17
대구,달서구,안과,19
대구,달성군,안과,7
인천,남구,안과,0
인천,미추홀구,안과,9
인천,동구,안과,1
인천,부평구,안과,11
인천,중구,안과,4
인천,서구,안과,10
인천,남동구,안과,13
인천,연수구,안과,7
인천,계양구,안과,8
인천,강화군,안과,2
인천,옹진군,안과,0
광주,동구,안과,7
광주,북구,안과,10
광주,서구,안과,10
광주,광산구,안과,8
광주,남구,안과,5
대전,유성구,안과,8
대전,대덕구,안과,4
대전,서구,안과,19
대전,동구,안과,7
대전,중구,안과,5
울산,남구,안과,14
울산,동구,안과,4
울산,중구,안과,5
울산,북구,안과,4
울산,울주군,안과,5
세종,세종시,안과,7
경기,가평군,안과,1
경기,양평군,안과,4
경기,여주시,안과,2
경기,연천군,안과,1
경기,광명시,안과,12
경기,동두천시,안과,3
경기,부천시,안과,28
경기,성남시 수정구,안과,9
경기,성남시 중원구,안과,7
경기,성남시 분당구,안과,19
경기,수원시 권선구,안과,6
경기,수원시 장안구,안과,5
경기,수원시 팔달구,안과,11
경기,수원시 영통구,안과,9
경기,안양시 만안구,안과,4
경기,안양시 동안구,안과,11
경기,의정부시,안과,15
경기,과천시,안과,3
경기,구리시,안과,6
경기,안산시 단원구,안과,12
경기,안산시 상록구,안과,6
경기,평택시,안과,14
경기,하남시,안과,8
경기,군포시,안과,7
경기,남양주시,안과,16
경기,의왕시,안과,4
경기,시흥시,안과,9
경기,오산시,안과,5
경기,고양시 덕양구,안과,12
경기,고양시 일산 서구,안과,9
경기,고양시 일산 동구,안과,3
경기,용인기흥구,안과,9
경기,용인수지구,안과,9
경기,용인처인구,안과,5
경기,이천시,안과,6
경기,파주시,안과,9
경기,김포시,안과,8
경기,안성시,안과,4
경기,화성시,안과,14
경기,광주시,안과,6
경기,양주시,안과,4
경기,포천시,안과,4
강원,고성군,안과,0
강원,양구군,안과,0
강원,양양군,안과,0
강원,영월군,안과,1
강원,인제군,안과,1
강원,정선군,안과,1
강원,철원군,안과,1
강원,평창군,안과,0
강원,홍천군,안과,2
강원,화천군,안과,0
강원,횡성군,안과,1
강원,강릉시,안과,6
강원,동해시,안과,2
강원,속초시,안과,4
강원,원주시,안과,8
강원,춘천시,안과,10
강원,태백시,안과,2
강원,삼척시,안과,2
충북,괴산군,안과,0
충북,단양군,안과,0
충북,보은군,안과,1
충북,영동군,안과,1
충북,옥천군,안과,1
충북,음성군,안과,1
충북,진천군,안과,2
충북,증평군,안과,1
충북,청주시 상당구,안과,7
충북,청주시 흥덕구,안과,5
충북,청주시 청원구,안과,4
충북,청주시 서원구,안과,4
충북,충주시,안과,5
충북,제천시,안과,5
충남,금산군,안과,2
충남,당진시,안과,5
충남,부여군,안과,1
충남,서천군,안과,2
충남,예산군,안과,2
충남,청양군,안과,0
충남,홍성군,안과,3
충남,태안군,안과,1
충남,천안시 서북구,안과,9
충남,천안시 동남구,안과,6
충남,공주시,안과,4
충남,보령시,안과,2
충남,아산시,안과,7
충남,서산시,안과,4
충남,논산시,안과,3
충남,계룡시,안과,1
전북,고창군,안과,2
전북,무주군,안과,1
전북,부안군,안과,2
전북,순창군,안과,1
전북,완주군,안과,0
전북,임실군,안과,0
전북,장수군,안과,0
전북,진안군,안과,1
전북,군산시,안과,8
전북,남원시,안과,3
전북,익산시,안과,8
전북,전주시 완산구,안과,17
전북,전주시 덕진구,안과,9
전북,정읍시,안과,4
전북,김제시,안과,3
전남,강진군,안과,1
전남,고흥군,안과,2
전남,곡성군,안과,1
전남,구례군,안과,1
전남,담양군,안과,1
전남,무안군,안과,2
전남,보성군,안과,2
전남,신안군,안과,0
전남,영광군,안과,1
전남,영암군,안과,1
전남,완도군,안과,1
전남,장성군,안과,1
전남,장흥군,안과,1
전남,진도군,안과,1
전남,함평군,안과,0
전남,해남군,안과,1
전남,화순군,안과,2
전남,나주시,안과,4
전남,목포시,안과,7
전남,순천시,안과,9
전남,여수시,안과,8
전남,광양시,안과,4
경북,고령군,안과,1
경북,군위군,안과,0
경북,봉화군,안과,0
경북,성주군,안과,1
경북,영덕군,안과,1
경북,영양군,안과,0
경북,예천군,안과,1
경북,울릉군,안과,0
경북,울진군,안과,1
경북,의성군,안과,2
경북,청도군,안과,1
경북,청송군,안과,1
경북,칠곡군,안과,3
경북,경주시,안과,5
경북,구미시,안과,7
경북,김천시,안과,3
경북,안동시,안과,5
경북,영주시,안과,5
경북,영천시,안과,4
경북,포항시 남구,안과,6
경북,포항시 북구,안과,8
경북,문경시,안과,3
경북,상주시,안과,3
경북,경산시,안과,7
경남,거창군,안과,2
경남,고성군,안과,2
경남,남해군,안과,1
경남,산청군,안과,1
경남,의령군,안과,0
경남,창녕군,안과,1
경남,하동군,안과,1
경남,함안군,안과,1
경남,함양군,안과,1
경남,합천군,안과,1
경남,김해시,안과,11
경남,사천시,안과,3
경남,진주시,안과,10
경남,창원시 마산회원구,안과,7
경남,창원시 마산합포구,안과,7
경남,창원시 진해구,안과,5
경남,창원시 의창구,안과,7
경남,창원시 성산구,안과,5
경남,통영시,안과,4
경남,밀양시,안과,4
경남,거제시,안과,4
경남,양산시,안과,10
제주,서귀포시,안과,4
제주,제주시,안과,18
서울,강남구,이비인후과,64
서울,강동구,이비인후과,27
서울,강서구,이비인후과,37
서울,관악구,이비인후과,22
서울,구로구,이비인후과,25
서울,도봉구,이비인후과,14
서울,동대문구,이비인후과,23
서울,동작구,이비인후과,26
서울,마포구,이비인후과,30
서울,서대문구,이비인후과,20
서울,성동구,이비인후과,19
서울,성북구,이비인후과,21
서울,영등포구,이비인후과,30
서울,용산구,이비인후과,10
서울,은평구,이비인후과,25
서울,종로구,이비인후과,18
서울,중구,이비인후과,22
서울,송파구,이비인후과,47
서울,중랑구,이비인후과,23
서울,양천구,이비인후과,28
서울,서초구,이비인후과,37
서울,노원구,이비인후과,31
서울,광진구,이비인후과,19
서울,강북구,이비인후과,20
서울,금천구,이비인후과,14
부산,남구,이비인후과,16
부산,동구,이비인후과,9
부산,동래구,이비인후과,16
부산,진구,이비인후과,21
부산,북구,이비인후과,14
부산,서구,이비인후과,6
부산,영도구,이비인후과,6
부산,중구,이비인후과,5
부산,해운대구,이비인후과,23
부산,사하구,이비인후과,18
부산,금정구,이비인후과,18
부산,강서구,이비인후과,6
부산,연제구,이비인후과,12
부산,수영구,이비인후과,9
부산,사상구,이비인후과,11
부산,기장군,이비인후과,7
대구,남구,이비인후과,5
대구,동구,이비인후과,18
대구,북구,이비인후과,20
대구,서구,이비인후과,7
대구,수성구,이비인후과,34
대구,중구,이비인후과,14
대구,달서구,이비인후과,41
대구,달성군,이비인후과,17
인천,남구,이비인후과,0
인천,미추홀구,이비인후과,17
인천,동구,이비인후과,3
인천,부평구,이비인후과,21
인천,중구,이비인후과,5
인천,서구,이비인후과,22
인천,남동구,이비인후과,27
인천,연수구,이비인후과,16
인천,계양구,이비인후과,14
인천,강화군,이비인후과,1
인천,옹진군,이비인후과,0
광주,동구,이비인후과,9
광주,북구,이비인후과,20
광주,서구,이비인후과,17
광주,광산구,이비인후과,18
광주,남구,이비인후과,11
대전,유성구,이비인후과,18
대전,대덕구,이비인후과,10
대전,서구,이비인후과,28
대전,동구,이비인후과,13
대전,중구,이비인후과,11
울산,남구,이비인후과,16
울산,동구,이비인후과,6
울산,중구,이비인후과,8
울산,북구,이비인후과,8
울산,울주군,이비인후과,9
세종,세종시,이비인후과,16
경기,가평군,이비인후과,0
경기,양평군,이비인후과,2
경기,여주시,이비인후과,3
경기,연천군,이비인후과,1
경기,광명시,이비인후과,23
경기,동두천시,이비인후과,4
경기,부천시,이비인후과,42
경기,성남시 수정구,이비인후과,20
경기,성남시 중원구,이비인후과,13
경기,성남시 분당구,이비인후과,38
경기,수원시 권선구,이비인후과,16
경기,수원시 장안구,이비인후과,12
경기,수원시 팔달구,이비인후과,10
경기,수원시 영통구,이비인후과,17
경기,안양시 만안구,이비인후과,11
경기,안양시 동안구,이비인후과,19
경기,의정부시,이비인후과,26
경기,과천시,이비인후과,6
경기,구리시,이비인후과,12
경기,안산시 단원구,이비인후과,17
경기,안산시 상록구,이비인후과,8
경기,평택시,이비인후과,15
경기,하남시,이비인후과,14
경기,군포시,이비인후과,14
경기,남양주시,이비인후과,33
경기,의왕시,이비인후과,9
경기,시흥시,이비인후과,19
경기,오산시,이비인후과,11
경기,고양시 덕양구,이비인후과,19
경기,고양시 일산 서구,이비인후과,15
경기,고양시 일산 동구,이비인후과,14
경기,용인기흥구,이비인후과,22
경기,용인수지구,이비인후과,20
경기,용인처인구,이비인후과,8
경기,이천시,이비인후과,5
경기,파주시,이비인후과,16
경기,김포시,이비인후과,19
경기,안성시,이비인후과,5
경기,화성시,이비인후과,29
경기,광주시,이비인후과,9
경기,양주시,이비인후과,10
경기,포천시,이비인후과,3
강원,고성군,이비인후과,0
강원,양구군,이비인후과,0
강원,양양군,이비인후과,0
강원,영월군,이비인후과,0
강원,인제군,이비인후과,0
강원,정선군,이비인후과,0
강원,철원군,이비인후과,1
강원,평창군,이비인후과,0
강원,홍천군,이비인후과,2
강원,화천군,이비인후과,0
강원,횡성군,이비인후과,1
강원,강릉시,이비인후과,8
강원,동해시,이비인후과,4
강원,속초시,이비인후과,4
강원,원주시,이비인후과,14
강원,춘천시,이비인후과,8
강원,태백시,이비인후과,1
강원,삼척시,이비인후과,2
충북,괴산군,이비인후과,0
충북,단양군,이비인후과,0
충북,보은군,이비인후과,0
충북,영동군,이비인후과,1
충북,옥천군,이비인후과,2
충북,음성군,이비인후과,2
충북,진천군,이비인후과,2
충북,증평군,이비인후과,2
충북,청주시 상당구,이비인후과,8
충북,청주시 흥덕구,이비인후과,12
충북,청주시 청원구,이비인후과,9
충북,청주시 서원구,이비인후과,8
충북,충주시,이비인후과,7
충북,제천시,이비인후과,5
충남,금산군,이비인후과,1
충남,당진시,이비인후과,5
충남,부여군,이비인후과,1
충남,서천군,이비인후과,1
충남,예산군,이비인후과,1
충남,청양군,이비인후과,0
충남,홍성군,이비인후과,3
충남,태안군,이비인후과,1
충남,천안시 서북구,이비인후과,13
충남,천안시 동남구,이비인후과,7
충남,공주시,이비인후과,4
충남,보령시,이비인후과,2
충남,아산시,이비인후과,8
충남,서산시,이비인후과,3
충남,논산시,이비인후과,4
충남,계룡시,이비인후과,1
전북,고창군,이비인후과,1
전북,무주군,이비인후과,0
전북,부안군,이비인후과,1
전북,순창군,이비인후과,0
전북,완주군,이비인후과,2
전북,임실군,이비인후과,0
전북,장수군,이비인후과,0
전북,진안군,이비인후과,0
전북,군산시,이비인후과,13
전북,남원시,이비인후과,4
전북,익산시,이비인후과,11
전북,전주시 완산구,이비인후과,14
전북,전주시 덕진구,이비인후과,15
전북,정읍시,이비인후과,4
전북,김제시,이비인후과,3
전남,강진군,이비인후과,1
전남,고흥군,이비인후과,1
전남,곡성군,이비인후과,0
전남,구례군,이비인후과,0
전남,담양군,이비인후과,1
전남,무안군,이비인후과,1
전남,보성군,이비인후과,0
전남,신안군,이비인후과,0
전남,영광군,이비인후과,2
전남,영암군,이비인후과,0
전남,완도군,이비인후과,1
전남,장성군,이비인후과,1
전남,장흥군,이비인후과,1
전남,진도군,이비인후과,1
전남,함평군,이비인후과,0
전남,해남군,이비인후과,2
전남,화순군,이비인후과,2
전남,나주시,이비인후과,4
전남,목포시,이비인후과,7
전남,순천시,이비인후과,9
전남,여수시,이비인후과,10
전남,광양시,이비인후과,2
경북,고령군,이비인후과,0
경북,군위군,이비인후과,0
경북,봉화군,이비인후과,0
경북,성주군,이비인후과,0
경북,영덕군,이비인후과,1
경북,영양군,이비인후과,0
경북,예천군,이비인후과,1
경북,울릉군,이비인후과,0
경북,울진군,이비인후과,0
경북,의성군,이비인후과,0
경북,청도군,이비인후과,0
경북,청송군,이비인후과,0
경북,칠곡군,이비인후과,3
경북,경주시,이비인후과,8
경북,구미시,이비인후과,21
경북,김천시,이비인후과,5
경북,안동시,이비인후과,3
경북,영주시,이비인후과,2
경북,영천시,이비인후과,4
경북,포항시 남구,이비인후과,5
경북,포항시 북구,이비인후과,13
경북,문경시,이비인후과,3
경북,상주시,이비인후과,2
경북,경산시,이비인후과,17
경남,거창군,이비인후과,1
경남,고성군,이비인후과,1
경남,남해군,이비인후과,1
경남,산청군,이비인후과,0
경남,의령군,이비인후과,0
경남,창녕군,이비인후과,1
경남,하동군,이비인후과,0
경남,함안군,이비인후과,1
경남,함양군,이비인후과,0
경남,합천군,이비인후과,1
경남,김해시,이비인후과,25
경남,사천시,이비인후과,2
경남,진주시,이비인후과,14
경남,창원시 마산회원구,이비인후과,8
경남,창원시 마산합포구,이비인후과,8
경남,창원시 진해구,이비인후과,11
경남,창원시 의창구,이비인후과,9
경남,창원시 성산구,이비인후과,10
경남,통영시,이비인후과,5
경남,밀양시,이비인후과,2
경남,거제시,이비인후과,7
경남,양산시,이비인후과,18
제주,서귀포시,이비인후과,7
제주,제주시,이비인후과,20
서울,강남구,피부과,138
서울,강동구,피부과,19
서울,강서구,피부과,19
서울,관악구,피부과,12
서울,구로구,피부과,10
서울,도봉구,피부과,5
서울,동대문구,피부과,5
서울,동작구,피부과,12
서울,마포구,피부과,20
서울,서대문구,피부과,14
서울,성동구,피부과,10
서울,성북구,피부과,9
서울,영등포구,피부과,14
서울,용산구,피부과,6
서울,은평구,피부과,16
서울,종로구,피부과,6
서울,중구,피부과,16
서울,송파구,피부과,38
서울,중랑구,피부과,13
서울,양천구,피부과,17
서울,서초구,피부과,45
서울,노원구,피부과,18
서울,광진구,피부과,13
서울,강북구,피부과,6
서울,금천구,피부과,2
부산,남구,피부과,8
부산,동구,피부과,0
부산,동래구,피부과,11
부산,진구,피부과,19
부산,북구,피부과,9
부산,서구,피부과,2
부산,영도구,피부과,2
부산,중구,피부과,3
부산,해운대구,피부과,16
부산,사하구,피부과,8
부산,금정구,피부과,7
부산,강서구,피부과,2
부산,연제구,피부과,6
부산,수영구,피부과,4
부산,사상구,피부과,2
부산,기장군,피부과,5
대구,남구,피부과,4
대구,동구,피부과,4
대구,북구,피부과,7
대구,서구,피부과,4
대구,수성구,피부과,25
대구,중구,피부과,11
대구,달서구,피부과,14
대구,달성군,피부과,3
인천,남구,피부과,0
인천,미추홀구,피부과,3
인천,동구,피부과,0
인천,부평구,피부과,9
인천,중구,피부과,1
인천,서구,피부과,5
인천,남동구,피부과,14
인천,연수구,피부과,10
인천,계양구,피부과,3
인천,강화군,피부과,0
인천,옹진군,피부과,0
광주,동구,피부과,6
광주,북구,피부과,12
광주,서구,피부과,17
광주,광산구,피부과,12
광주,남구,피부과,6
대전,유성구,피부과,8
대전,대덕구,피부과,2
대전,서구,피부과,19
대전,동구,피부과,1
대전,중구,피부과,6
울산,남구,피부과,12
울산,동구,피부과,3
울산,중구,피부과,5
울산,북구,피부과,1
울산,울주군,피부과,0
세종,세종시,피부과,5
경기,가평군,피부과,0
경기,양평군,피부과,1
경기,여주시,피부과,0
경기,연천군,피부과,0
경기,광명시,피부과,12
경기,동두천시,피부과,0
경기,부천시,피부과,16
경기,성남시 수정구,피부과,7
경기,성남시 중원구,피부과,3
경기,성남시 분당구,피부과,45
경기,수원시 권선구,피부과,1
경기,수원시 장안구,피부과,3
경기,수원시 팔달구,피부과,11
경기,수원시 영통구,피부과,7
경기,안양시 만안구,피부과,4
경기,안양시 동안구,피부과,12
경기,의정부시,피부과,7
경기,과천시,피부과,2
경기,구리시,피부과,6
경기,안산시 단원구,피부과,8
경기,안산시 상록구,피부과,2
경기,평택시,피부과,8
경기,하남시,피부과,10
경기,군포시,피부과,6
경기,남양주시,피부과,7
경기,의왕시,피부과,1
경기,시흥시,피부과,6
경기,오산시,피부과,4
경기,고양시 덕양구,피부과,6
경기,고양시 일산 서구,피부과,8
경기,고양시 일산 동구,피부과,8
경기,용인기흥구,피부과,8
경기,용인수지구,피부과,10
경기,용인처인구,피부과,4
경기,이천시,피부과,3
경기,파주시,피부과,5
경기,김포시,피부과,6
경기,안성시,피부과,1
경기,화성시,피부과,14
경기,광주시,피부과,3
경기,양주시,피부과,2
경기,포천시,피부과,0
강원,고성군,피부과,0
강원,양구군,피부과,0
강원,양양군,피부과,0
강원,영월군,피부과,0
강원,인제군,피부과,0
강원,정선군,피부과,0
강원,철원군,피부과,0
강원,평창군,피부과,0
강원,홍천군,피부과,0
강원,화천군,피부과,0
강원,횡성군,피부과,0
강원,강릉시,피부과,3
강원,동해시,피부과,1
강원,속초시,피부과,2
강원,원주시,피부과,4
강원,춘천시,피부과,6
강원,태백시,피부과,0
강원,삼척시,피부과,0
충북,괴산군,피부과,0
충북,단양군,피부과,0
충북,보은군,피부과,0
충북,영동군,피부과,0
충북,옥천군,피부과,0
충북,음성군,피부과,0
충북,진천군,피부과,1
충북,증평군,피부과,0
충북,청주시 상당구,피부과,5
충북,청주시 흥덕구,피부과,5
충북,청주시 청원구,피부과,3
충북,청주시 서원구,피부과,3
충북,충주시,피부과,3
충북,제천시,피부과,2
충남,금산군,피부과,0
충남,당진시,피부과,2
충남,부여군,피부과,0
충남,서천군,피부과,0
충남,예산군,피부과,0
충남,청양군,피부과,0
충남,홍성군,피부과,1
충남,태안군,피부과,0
충남,천안시 서북구,피부과,8
충남,천안시 동남구,피부과,3
충남,공주시,피부과,3
충남,보령시,피부과,1
충남,아산시,피부과,3
충남,서산시,피부과,2
충남,논산시,피부과,1
충남,계룡시,피부과,0
전북,고창군,피부과,1
전북,무주군,피부과,0
전북,부안군,피부과,0
전북,순창군,피부과,0
전북,완주군,피부과,1
전북,임실군,피부과,0
전북,장수군,피부과,0
전북,진안군,피부과,0
전북,군산시,피부과,4
전북,남원시,피부과,1
전북,익산시,피부과,6
전북,전주시 완산구,피부과,13
전북,전주시 덕진구,피부과,7
전북,정읍시,피부과,2
전북,김제시,피부과,1
전남,강진군,피부과,0
전남,고흥군,피부과,0
전남,곡성군,피부과,0
전남,구례군,피부과,0
전남,담양군,피부과,0
전남,무안군,피부과,1
전남,보성군,피부과,0
전남,신안군,피부과,0
전남,영광군,피부과,0
전남,영암군,피부과,0
전남,완도군,피부과,0
전남,장성군,피부과,0
전남,장흥군,피부과,0
전남,진도군,피부과,0
전남,함평군,피부과,0
전남,해남군,피부과,1
전남,화순군,피부과,0
전남,나주시,피부과,2
전남,목포시,피부과,6
전남,순천시,피부과,4
전남,여수시,피부과,4
전남,광양시,피부과,2
경북,고령군,피부과,0
경북,군위군,피부과,0
경북,봉화군,피부과,0
경북,성주군,피부과,0
경북,영덕군,피부과,0
경북,영양군,피부과,0
경북,예천군,피부과,0
경북,울릉군,피부과,0
경북,울진군,피부과,0
경북,의성군,피부과,0
경북,청도군,피부과,0
경북,청송군,피부과,0
경북,칠곡군,피부과,1
경북,경주시,피부과,3
경북,구미시,피부과,4
경북,김천시,피부과,1
경북,안동시,피부과,2
경북,영주시,피부과,1
경북,영천시,피부과,1
경북,포항시 남구,피부과,1
경북,포항시 북구,피부과,6
경북,문경시,피부과,0
경북,상주시,피부과,1
경북,경산시,피부과,2
경남,거창군,피부과,1
경남,고성군,피부과,0
경남,남해군,피부과,0
경남,산청군,피부과,0
경남,의령군,피부과,0
경남,창녕군,피부과,1
경남,하동군,피부과,0
경남,함안군,피부과,0
경남,함양군,피부과,0
경남,합천군,피부과,0
경남,김해시,피부과,7
경남,사천시,피부과,0
경남,진주시,피부과,6
경남,창원시 마산회원구,피부과,3
경남,창원시 마산합포구,피부과,5
경남,창원시 진해구,피부과,3
경남,창원시 의창구,피부과,3
경남,창원시 성산구,피부과,6
경남,통영시,피부과,2
경남,밀양시,피부과,1
경남,거제시,피부과,1
경남,양산시,피부과,6
제주,서귀포시,피부과,1
제주,제주시,피부과,6
서울,강남구,비뇨기과,38
서울,강동구,비뇨기과,9
서울,강서구,비뇨기과,15
서울,관악구,비뇨기과,10
서울,구로구,비뇨기과,7
서울,도봉구,비뇨기과,3
서울,동대문구,비뇨기과,13
서울,동작구,비뇨기과,6
서울,마포구,비뇨기과,11
서울,서대문구,비뇨기과,5
서울,성동구,비뇨기과,4
서울,성북구,비뇨기과,3
서울,영등포구,비뇨기과,12
서울,용산구,비뇨기과,2
서울,은평구,비뇨기과,8
서울,종로구,비뇨기과,11
서울,중구,비뇨기과,11
서울,송파구,비뇨기과,15
서울,중랑구,비뇨기과,5
서울,양천구,비뇨기과,7
서울,서초구,비뇨기과,16
서울,노원구,비뇨기과,15
서울,광진구,비뇨기과,6
서울,강북구,비뇨기과,6
서울,금천구,비뇨기과,4
부산,남구,비뇨기과,5
부산,동구,비뇨기과,6
부산,동래구,비뇨기과,7
부산,진구,비뇨기과,17
부산,북구,비뇨기과,8
부산,서구,비뇨기과,2
부산,영도구,비뇨기과,0
부산,중구,비뇨기과,6
부산,해운대구,비뇨기과,8
부산,사하구,비뇨기과,8
부산,금정구,비뇨기과,5
부산,강서구,비뇨기과,0
부산,연제구,비뇨기과,5
부산,수영구,비뇨기과,4
부산,사상구,비뇨기과,7
부산,기장군,비뇨기과,2
대구,남구,비뇨기과,5
대구,동구,비뇨기과,13
대구,북구,비뇨기과,8
대구,서구,비뇨기과,4
대구,수성구,비뇨기과,12
대구,중구,비뇨기과,13
대구,달서구,비뇨기과,12
대구,달성군,비뇨기과,6
인천,남구,비뇨기과,0
인천,미추홀구,비뇨기과,8
인천,동구,비뇨기과,1
인천,부평구,비뇨기과,8
인천,중구,비뇨기과,2
인천,서구,비뇨기과,7
인천,남동구,비뇨기과,11
인천,연수구,비뇨기과,3
인천,계양구,비뇨기과,5
인천,강화군,비뇨기과,0
인천,옹진군,비뇨기과,0
광주,동구,비뇨기과,7
광주,북구,비뇨기과,7
광주,서구,비뇨기과,8
광주,광산구,비뇨기과,8
광주,남구,비뇨기과,3
대전,유성구,비뇨기과,6
대전,대덕구,비뇨기과,3
대전,서구,비뇨기과,15
대전,동구,비뇨기과,7
대전,중구,비뇨기과,7
울산,남구,비뇨기과,16
울산,동구,비뇨기과,3
울산,중구,비뇨기과,4
울산,북구,비뇨기과,3
울산,울주군,비뇨기과,1
세종,세종시,비뇨기과,6
경기,가평군,비뇨기과,0
경기,양평군,비뇨기과,1
경기,여주시,비뇨기과,2
경기,연천군,비뇨기과,1
경기,광명시,비뇨기과,6
경기,동두천시,비뇨기과,2
경기,부천시,비뇨기과,16
경기,성남시 수정구,비뇨기과,8
경기,성남시 중원구,비뇨기과,5
경기,성남시 분당구,비뇨기과,19
경기,수원시 권선구,비뇨기과,2
경기,수원시 장안구,비뇨기과,3
경기,수원시 팔달구,비뇨기과,10
경기,수원시 영통구,비뇨기과,4
경기,안양시 만안구,비뇨기과,4
경기,안양시 동안구,비뇨기과,9
경기,의정부시,비뇨기과,10
경기,과천시,비뇨기과,1
경기,구리시,비뇨기과,8
경기,안산시 단원구,비뇨기과,10
경기,안산시 상록구,비뇨기과,1
경기,평택시,비뇨기과,10
경기,하남시,비뇨기과,4
경기,군포시,비뇨기과,4
경기,남양주시,비뇨기과,6
경기,의왕시,비뇨기과,2
경기,시흥시,비뇨기과,7
경기,오산시,비뇨기과,3
경기,고양시 덕양구,비뇨기과,3
경기,고양시 일산 서구,비뇨기과,5
경기,고양시 일산 동구,비뇨기과,3
경기,용인기흥구,비뇨기과,3
경기,용인수지구,비뇨기과,2
경기,용인처인구,비뇨기과,3
경기,이천시,비뇨기과,4
경기,파주시,비뇨기과,3
경기,김포시,비뇨기과,3
경기,안성시,비뇨기과,2
경기,화성시,비뇨기과,6
경기,광주시,비뇨기과,4
경기,양주시,비뇨기과,1
경기,포천시,비뇨기과,2
강원,고성군,비뇨기과,0
강원,양구군,비뇨기과,0
강원,양양군,비뇨기과,0
강원,영월군,비뇨기과,0
강원,인제군,비뇨기과,0
강원,정선군,비뇨기과,0
강원,철원군,비뇨기과,0
강원,평창군,비뇨기과,0
강원,홍천군,비뇨기과,2
강원,화천군,비뇨기과,0
강원,횡성군,비뇨기과,0
강원,강릉시,비뇨기과,4
강원,동해시,비뇨기과,1
강원,속초시,비뇨기과,4
강원,원주시,비뇨기과,8
강원,춘천시,비뇨기과,4
강원,태백시,비뇨기과,1
강원,삼척시,비뇨기과,2
충북,괴산군,비뇨기과,0
충북,단양군,비뇨기과,0
충북,보은군,비뇨기과,0
충북,영동군,비뇨기과,2
충북,옥천군,비뇨기과,2
충북,음성군,비뇨기과,1
충북,진천군,비뇨기과,2
충북,증평군,비뇨기과,1
충북,청주시 상당구,비뇨기과,4
충북,청주시 흥덕구,비뇨기과,6
충북,청주시 청원구,비뇨기과,5
충북,청주시 서원구,비뇨기과,3
충북,충주시,비뇨기과,5
충북,제천시,비뇨기과,2
충남,금산군,비뇨기과,1
충남,당진시,비뇨기과,3
충남,부여군,비뇨기과,1
충남,서천군,비뇨기과,0
충남,예산군,비뇨기과,2
충남,청양군,비뇨기과,0
충남,홍성군,비뇨기과,0
충남,태안군,비뇨기과,1
충남,천안시 서북구,비뇨기과,5
충남,천안시 동남구,비뇨기과,8
충남,공주시,비뇨기과,3
충남,보령시,비뇨기과,2
충남,아산시,비뇨기과,3
충남,서산시,비뇨기과,4
충남,논산시,비뇨기과,2
충남,계룡시,비뇨기과,1
전북,고창군,비뇨기과,1
전북,무주군,비뇨기과,0
전북,부안군,비뇨기과,1
전북,순창군,비뇨기과,0
전북,완주군,비뇨기과,0
전북,임실군,비뇨기과,0
전북,장수군,비뇨기과,0
전북,진안군,비뇨기과,0
전북,군산시,비뇨기과,3
전북,남원시,비뇨기과,3
전북,익산시,비뇨기과,4
전북,전주시 완산구,비뇨기과,7
전북,전주시 덕진구,비뇨기과,6
전북,정읍시,비뇨기과,2
전북,김제시,비뇨기과,2
전남,강진군,비뇨기과,0
전남,고흥군,비뇨기과,1
전남,곡성군,비뇨기과,0
전남,구례군,비뇨기과,0
전남,담양군,비뇨기과,0
전남,무안군,비뇨기과,0
전남,보성군,비뇨기과,0
전남,신안군,비뇨기과,0
전남,영광군,비뇨기과,2
전남,영암군,비뇨기과,0
전남,완도군,비뇨기과,0
전남,장성군,비뇨기과,0
전남,장흥군,비뇨기과,1
전남,진도군,비뇨기과,0
전남,함평군,비뇨기과,0
전남,해남군,비뇨기과,1
전남,화순군,비뇨기과,1
전남,나주시,비뇨기과,2
전남,목포시,비뇨기과,9
전남,순천시,비뇨기과,7
전남,여수시,비뇨기과,5
전남,광양시,비뇨기과,3
경북,고령군,비뇨기과,0
경북,군위군,비뇨기과,0
경북,봉화군,비뇨기과,0
경북,성주군,비뇨기과,0
경북,영덕군,비뇨기과,0
경북,영양군,비뇨기과,0
경북,예천군,비뇨기과,0
경북,울릉군,비뇨기과,0
경북,울진군,비뇨기과,0
경북,의성군,비뇨기과,0
경북,청도군,비뇨기과,1
경북,청송군,비뇨기과,0
경북,칠곡군,비뇨기과,2
경북,경주시,비뇨기과,3
경북,구미시,비뇨기과,6
경북,김천시,비뇨기과,3
경북,안동시,비뇨기과,3
경북,영주시,비뇨기과,3
경북,영천시,비뇨기과,3
경북,포항시 남구,비뇨기과,2
경북,포항시 북구,비뇨기과,7
경북,문경시,비뇨기과,3
경북,상주시,비뇨기과,2
경북,경산시,비뇨기과,5
경남,거창군,비뇨기과,1
경남,고성군,비뇨기과,1
경남,남해군,비뇨기과,0
경남,산청군,비뇨기과,0
경남,의령군,비뇨기과,0
경남,창녕군,비뇨기과,1
경남,하동군,비뇨기과,0
경남,함안군,비뇨기과,1
경남,함양군,비뇨기과,0
경남,합천군,비뇨기과,0
경남,김해시,비뇨기과,8
경남,사천시,비뇨기과,1
경남,진주시,비뇨기과,7
경남,창원시 마산회원구,비뇨기과,7
경남,창원시 마산합포구,비뇨기과,5
경남,창원시 진해구,비뇨기과,6
경남,창원시 의창구,비뇨기과,5
경남,창원시 성산구,비뇨기과,6
경남,통영시,비뇨기과,4
경남,밀양시,비뇨기과,2
경남,거제시,비뇨기과,4
경남,양산시,비뇨기과,4
제주,서귀포시,비뇨기과,3
제주,제주시,비뇨기과,6
서울,강남구,영상의학과,9
서울,강동구,영상의학과,1
서울,강서구,영상의학과,2
서울,관악구,영상의학과,2
서울,구로구,영상의학과,2
서울,도봉구,영상의학과,0
서울,동대문구,영상의학과,2
서울,동작구,영상의학과,2
서울,마포구,영상의학과,2
서울,서대문구,영상의학과,1
서울,성동구,영상의학과,1
서울,성북구,영상의학과,1
서울,영등포구,영상의학과,2
서울,용산구,영상의학과,0
서울,은평구,영상의학과,2
서울,종로구,영상의학과,1
서울,중구,영상의학과,1
서울,송파구,영상의학과,3
서울,중랑구,영상의학과,0
서울,양천구,영상의학과,0
서울,서초구,영상의학과,2
서울,노원구,영상의학과,3
서울,광진구,영상의학과,1
서울,강북구,영상의학과,1
서울,금천구,영상의학과,0
부산,남구,영상의학과,0
부산,동구,영상의학과,0
부산,동래구,영상의학과,2
부산,진구,영상의학과,2
부산,북구,영상의학과,2
부산,서구,영상의학과,0
부산,영도구,영상의학과,0
부산,중구,영상의학과,0
부산,해운대구,영상의학과,2
부산,사하구,영상의학과,1
부산,금정구,영상의학과,0
부산,강서구,영상의학과,0
부산,연제구,영상의학과,0
부산,수영구,영상의학과,0
부산,사상구,영상의학과,0
부산,기장군,영상의학과,0
대구,남구,영상의학과,0
대구,동구,영상의학과,1
대구,북구,영상의학과,0
대구,서구,영상의학과,1
대구,수성구,영상의학과,1
대구,중구,영상의학과,3
대구,달서구,영상의학과,3
대구,달성군,영상의학과,0
인천,남구,영상의학과,0
인천,미추홀구,영상의학과,2
인천,동구,영상의학과,0
인천,부평구,영상의학과,0
인천,중구,영상의학과,0
인천,서구,영상의학과,0
인천,남동구,영상의학과,1
인천,연수구,영상의학과,0
인천,계양구,영상의학과,0
인천,강화군,영상의학과,0
인천,옹진군,영상의학과,0
광주,동구,영상의학과,1
광주,북구,영상의학과,0
광주,서구,영상의학과,2
광주,광산구,영상의학과,0
광주,남구,영상의학과,0
대전,유성구,영상의학과,1
대전,대덕구,영상의학과,1
대전,서구,영상의학과,4
대전,동구,영상의학과,2
대전,중구,영상의학과,1
울산,남구,영상의학과,3
울산,동구,영상의학과,1
울산,중구,영상의학과,0
울산,북구,영상의학과,0
울산,울주군,영상의학과,0
세종,세종시,영상의학과,1
경기,가평군,영상의학과,0
경기,양평군,영상의학과,0
경기,여주시,영상의학과,1
경기,연천군,영상의학과,0
경기,광명시,영상의학과,1
경기,동두천시,영상의학과,0
경기,부천시,영상의학과,5
경기,성남시 수정구,영상의학과,1
경기,성남시 중원구,영상의학과,0
경기,성남시 분당구,영상의학과,3
경기,수원시 권선구,영상의학과,0
경기,수원시 장안구,영상의학과,1
경기,수원시 팔달구,영상의학과,1
경기,수원시 영통구,영상의학과,1
경기,안양시 만안구,영상의학과,2
경기,안양시 동안구,영상의학과,2
경기,의정부시,영상의학과,1
경기,과천시,영상의학과,0
경기,구리시,영상의학과,2
경기,안산시 단원구,영상의학과,3
경기,안산시 상록구,영상의학과,0
경기,평택시,영상의학과,1
경기,하남시,영상의학과,0
경기,군포시,영상의학과,0
경기,남양주시,영상의학과,1
경기,의왕시,영상의학과,0
경기,시흥시,영상의학과,0
경기,오산시,영상의학과,0
경기,고양시 덕양구,영상의학과,1
경기,고양시 일산 서구,영상의학과,1
경기,고양시 일산 동구,영상의학과,1
경기,용인기흥구,영상의학과,0
경기,용인수지구,영상의학과,1
경기,용인처인구,영상의학과,0
경기,이천시,영상의학과,0
경기,파주시,영상의학과,1
경기,김포시,영상의학과,2
경기,안성시,영상의학과,0
경기,화성시,영상의학과,0
경기,광주시,영상의학과,1
경기,양주시,영상의학과,0
경기,포천시,영상의학과,0
강원,고성군,영상의학과,0
강원,양구군,영상의학과,0
강원,양양군,영상의학과,0
강원,영월군,영상의학과,0
강원,인제군,영상의학과,0
강원,정선군,영상의학과,0
강원,철원군,영상의학과,0
강원,평창군,영상의학과,0
강원,홍천군,영상의학과,1
강원,화천군,영상의학과,0
강원,횡성군,영상의학과,0
강원,강릉시,영상의학과,1
강원,동해시,영상의학과,0
강원,속초시,영상의학과,1
강원,원주시,영상의학과,3
강원,춘천시,영상의학과,1
강원,태백시,영상의학과,1
강원,삼척시,영상의학과,0
충북,괴산군,영상의학과,0
충북,단양군,영상의학과,0
충북,보은군,영상의학과,0
충북,영동군,영상의학과,0
충북,옥천군,영상의학과,0
충북,음성군,영상의학과,0
충북,진천군,영상의학과,0
충북,증평군,영상의학과,0
충북,청주시 상당구,영상의학과,0
충북,청주시 흥덕구,영상의학과,0
충북,청주시 청원구,영상의학과,0
충북,청주시 서원구,영상의학과,1
충북,충주시,영상의학과,1
충북,제천시,영상의학과,2
충남,금산군,영상의학과,0
충남,당진시,영상의학과,0
충남,부여군,영상의학과,0
충남,서천군,영상의학과,0
충남,예산군,영상의학과,0
충남,청양군,영상의학과,0
충남,홍성군,영상의학과,1
충남,태안군,영상의학과,0
충남,천안시 서북구,영상의학과,1
충남,천안시 동남구,영상의학과,1
충남,공주시,영상의학과,0
충남,보령시,영상의학과,2
충남,아산시,영상의학과,0
충남,서산시,영상의학과,1
충남,논산시,영상의학과,1
충남,계룡시,영상의학과,0
전북,고창군,영상의학과,0
전북,무주군,영상의학과,0
전북,부안군,영상의학과,0
전북,순창군,영상의학과,0
전북,완주군,영상의학과,0
전북,임실군,영상의학과,0
전북,장수군,영상의학과,0
전북,진안군,영상의학과,0
전북,군산시,영상의학과,1
전북,남원시,영상의학과,1
전북,익산시,영상의학과,2
전북,전주시 완산구,영상의학과,2
전북,전주시 덕진구,영상의학과,2
전북,정읍시,영상의학과,0
전북,김제시,영상의학과,1
전남,강진군,영상의학과,0
전남,고흥군,영상의학과,0
전남,곡성군,영상의학과,0
전남,구례군,영상의학과,0
전남,담양군,영상의학과,0
전남,무안군,영상의학과,0
전남,보성군,영상의학과,0
전남,신안군,영상의학과,0
전남,영광군,영상의학과,0
전남,영암군,영상의학과,0
전남,완도군,영상의학과,0
전남,장성군,영상의학과,0
전남,장흥군,영상의학과,0
전남,진도군,영상의학과,0
전남,함평군,영상의학과,0
전남,해남군,영상의학과,0
전남,화순군,영상의학과,0
전남,나주시,영상의학과,0
전남,목포시,영상의학과,1
전남,순천시,영상의학과,0
전남,여수시,영상의학과,0
전남,광양시,영상의학과,0
경북,고령군,영상의학과,0
경북,군위군,영상의학과,0
경북,봉화군,영상의학과,0
경북,성주군,영상의학과,0
경북,영덕군,영상의학과,0
경북,영양군,영상의학과,0
경북,예천군,영상의학과,0
경북,울릉군,영상의학과,0
경북,울진군,영상의학과,0
경북,의성군,영상의학과,0
경북,청도군,영상의학과,0
경북,청송군,영상의학과,0
경북,칠곡군,영상의학과,0
경북,경주시,영상의학과,0
경북,구미시,영상의학과,1
경북,김천시,영상의학과,0
경북,안동시,영상의학과,0
경북,영주시,영상의학과,1
경북,영천시,영상의학과,0
경북,포항시 남구,영상의학과,0
경북,포항시 북구,영상의학과,1
경북,문경시,영상의학과,0
경북,상주시,영상의학과,0
경북,경산시,영상의학과,1
경남,거창군,영상의학과,0
경남,고성군,영상의학과,0
경남,남해군,영상의학과,0
경남,산청군,영상의학과,0
경남,의령군,영상의학과,0
경남,창녕군,영상의학과,0
경남,하동군,영상의학과,0
경남,함안군,영상의학과,0
경남,함양군,영상의학과,0
경남,합천군,영상의학과,0
경남,김해시,영상의학과,1
경남,사천시,영상의학과,0
경남,진주시,영상의학과,0
경남,창원시 마산회원구,영상의학과,2
경남,창원시 마산합포구,영상의학과,0
경남,창원시 진해구,영상의학과,1
경남,창원시 의창구,영상의학과,0
경남,창원시 성산구,영상의학과,1
경남,통영시,영상의학과,1
경남,밀양시,영상의학과,0
경남,거제시,영상의학과,0
경남,양산시,영상의학과,0
제주,서귀포시,영상의학과,0
제주,제주시,영상의학과,1
서울,강남구,병리과,2
서울,강동구,병리과,0
서울,강서구,병리과,0
서울,관악구,병리과,0
서울,구로구,병리과,0
서울,도봉구,병리과,0
서울,동대문구,병리과,0
서울,동작구,병리과,0
서울,마포구,병리과,0
서울,서대문구,병리과,0
서울,성동구,병리과,0
서울,성북구,병리과,0
서울,영등포구,병리과,0
서울,용산구,병리과,0
서울,은평구,병리과,0
서울,종로구,병리과,0
서울,중구,병리과,0
서울,송파구,병리과,2
서울,중랑구,병리과,0
서울,양천구,병리과,0
서울,서초구,병리과,0
서울,노원구,병리과,0
서울,광진구,병리과,0
서울,강북구,병리과,0
서울,금천구,병리과,0
부산,남구,병리과,0
부산,동구,병리과,0
부산,동래구,병리과,0
부산,진구,병리과,0
부산,북구,병리과,0
부산,서구,병리과,0
부산,영도구,병리과,0
부산,중구,병리과,0
부산,해운대구,병리과,0
부산,사하구,병리과,0
부산,금정구,병리과,0
부산,강서구,병리과,0
부산,연제구,병리과,0
부산,수영구,병리과,1
부산,사상구,병리과,0
부산,기장군,병리과,1
대구,남구,병리과,0
대구,동구,병리과,1
대구,북구,병리과,0
대구,서구,병리과,0
대구,수성구,병리과,4
대구,중구,병리과,1
대구,달서구,병리과,0
대구,달성군,병리과,0
인천,남구,병리과,0
인천,미추홀구,병리과,0
인천,동구,병리과,0
인천,부평구,병리과,0
인천,중구,병리과,0
인천,서구,병리과,0
인천,남동구,병리과,0
인천,연수구,병리과,0
인천,계양구,병리과,0
인천,강화군,병리과,0
인천,옹진군,병리과,0
광주,동구,병리과,0
광주,북구,병리과,0
광주,서구,병리과,0
광주,광산구,병리과,1
광주,남구,병리과,1
대전,유성구,병리과,0
대전,대덕구,병리과,0
대전,서구,병리과,2
대전,동구,병리과,0
대전,중구,병리과,0
울산,남구,병리과,0
울산,동구,병리과,0
울산,중구,병리과,0
울산,북구,병리과,0
울산,울주군,병리과,0
세종,세종시,병리과,0
경기,가평군,병리과,0
경기,양평군,병리과,0
경기,여주시,병리과,0
경기,연천군,병리과,0
경기,광명시,병리과,0
경기,동두천시,병리과,0
경기,부천시,병리과,1
경기,성남시 수정구,병리과,0
경기,성남시 중원구,병리과,0
경기,성남시 분당구,병리과,0
경기,수원시 권선구,병리과,0
경기,수원시 장안구,병리과,0
경기,수원시 팔달구,병리과,0
경기,수원시 영통구,병리과,0
경기,안양시 만안구,병리과,0
경기,안양시 동안구,병리과,0
경기,의정부시,병리과,0
경기,과천시,병리과,0
경기,구리시,병리과,0
경기,안산시 단원구,병리과,0
경기,안산시 상록구,병리과,0
경기,평택시,병리과,0
경기,하남시,병리과,0
경기,군포시,병리과,0
경기,남양주시,병리과,0
경기,의왕시,병리과,0
경기,시흥시,병리과,0
경기,오산시,병리과,0
경기,고양시 덕양구,병리과,0
경기,고양시 일산 서구,병리과,0
경기,고양시 일산 동구,병리과,0
경기,용인기흥구,병리과,0
경기,용인수지구,병리과,2
경기,용인처인구,병리과,0
경기,이천시,병리과,0
경기,파주시,병리과,0
경기,김포시,병리과,0
경기,안성시,병리과,0
경기,화성시,병리과,0
경기,광주시,병리과,0
경기,양주시,병리과,0
경기,포천시,병리과,0
강원,고성군,병리과,0
강원,양구군,병리과,0
강원,양양군,병리과,0
강원,영월군,병리과,0
강원,인제군,병리과,0
강원,정선군,병리과,0
강원,철원군,병리과,0
강원,평창군,병리과,0
강원,홍천군,병리과,0
강원,화천군,병리과,0
강원,횡성군,병리과,0
강원,강릉시,병리과,0
강원,동해시,병리과,0
강원,속초시,병리과,0
강원,원주시,병리과,0
강원,춘천시,병리과,0
강원,태백시,병리과,0
강원,삼척시,병리과,0
충북,괴산군,병리과,0
충북,단양군,병리과,0
충북,보은군,병리과,0
충북,영동군,병리과,0
충북,옥천군,병리과,0
충북,음성군,병리과,0
충북,진천군,병리과,0
충북,증평군,병리과,0
충북,청주시 상당구,병리과,0
충북,청주시 흥덕구,병리과,0
충북,청주시 청원구,병리과,0
충북,청주시 서원구,병리과,0
충북,충주시,병리과,0
충북,제천시,병리과,0
충남,금산군,병리과,0
충남,당진시,병리과,0
충남,부여군,병리과,0
충남,서천군,병리과,0
충남,예산군,병리과,0
충남,청양군,병리과,0
충남,홍성군,병리과,0
충남,태안군,병리과,0
충남,천안시 서북구,병리과,0
충남,천안시 동남구,병리과,0
충남,공주시,병리과,0
충남,보령시,병리과,0
충남,아산시,병리과,0
충남,서산시,병리과,0
충남,논산시,병리과,0
충남,계룡시,병리과,0
전북,고창군,병리과,0
전북,무주군,병리과,0
전북,부안군,병리과,0
전북,순창군,병리과,0
전북,완주군,병리과,0
전북,임실군,병리과,0
전북,장수군,병리과,0
전북,진안군,병리과,0
전북,군산시,병리과,0
전북,남원시,병리과,0
전북,익산시,병리과,0
전북,전주시 완산구,병리과,0
전북,전주시 덕진구,병리과,1
전북,정읍시,병리과,0
전북,김제시,병리과,0
전남,강진군,병리과,0
전남,고흥군,병리과,0
전남,곡성군,병리과,0
전남,구례군,병리과,0
전남,담양군,병리과,0
전남,무안군,병리과,0
전남,보성군,병리과,0
전남,신안군,병리과,0
전남,영광군,병리과,0
전남,영암군,병리과,0
전남,완도군,병리과,0
전남,장성군,병리과,0
전남,장흥군,병리과,0
전남,진도군,병리과,0
전남,함평군,병리과,0
전남,해남군,병리과,0
전남,화순군,병리과,0
전남,나주시,병리과,0
전남,목포시,병리과,0
전남,순천시,병리과,0
전남,여수시,병리과,0
전남,광양시,병리과,0
경북,고령군,병리과,0
경북,군위군,병리과,0
경북,봉화군,병리과,0
경북,성주군,병리과,0
경북,영덕군,병리과,0
경북,영양군,병리과,0
경북,예천군,병리과,0
경북,울릉군,병리과,0
경북,울진군,병리과,0
경북,의성군,병리과,0
경북,청도군,병리과,0
경북,청송군,병리과,0
경북,칠곡군,병리과,0
경북,경주시,병리과,0
경북,구미시,병리과,0
경북,김천시,병리과,0
경북,안동시,병리과,0
경북,영주시,병리과,0
경북,영천시,병리과,0
경북,포항시 남구,병리과,0
경북,포항시 북구,병리과,0
경북,문경시,병리과,0
경북,상주시,병리과,0
경북,경산시,병리과,0
경남,거창군,병리과,0
경남,고성군,병리과,0
경남,남해군,병리과,0
경남,산청군,병리과,0
경남,의령군,병리과,0
경남,창녕군,병리과,0
경남,하동군,병리과,0
경남,함안군,병리과,0
경남,함양군,병리과,0
경남,합천군,병리과,0
경남,김해시,병리과,0
경남,사천시,병리과,0
경남,진주시,병리과,0
경남,창원시 마산회원구,병리과,0
경남,창원시 마산합포구,병리과,0
경남,창원시 진해구,병리과,0
경남,창원시 의창구,병리과,2
경남,창원시 성산구,병리과,0
경남,통영시,병리과,0
경남,밀양시,병리과,0
경남,거제시,병리과,0
경남,양산시,병리과,0
제주,서귀포시,병리과,0
제주,제주시,병리과,0
서울,강남구,진단검사의학과,1
서울,강동구,진단검사의학과,0
서울,강서구,진단검사의학과,0
서울,관악구,진단검사의학과,0
서울,구로구,진단검사의학과,0
서울,도봉구,진단검사의학과,0
서울,동대문구,진단검사의학과,0
서울,동작구,진단검사의학과,0
서울,마포구,진단검사의학과,0
서울,서대문구,진단검사의학과,0
서울,성동구,진단검사의학과,0
서울,성북구,진단검사의학과,1
서울,영등포구,진단검사의학과,0
서울,용산구,진단검사의학과,1
서울,은평구,진단검사의학과,0
서울,종로구,진단검사의학과,0
서울,중구,진단검사의학과,0
서울,송파구,진단검사의학과,1
서울,중랑구,진단검사의학과,0
서울,양천구,진단검사의학과,0
서울,서초구,진단검사의학과,0
서울,노원구,진단검사의학과,0
서울,광진구,진단검사의학과,0
서울,강북구,진단검사의학과,0
서울,금천구,진단검사의학과,0
부산,남구,진단검사의학과,0
부산,동구,진단검사의학과,0
부산,동래구,진단검사의학과,0
부산,진구,진단검사의학과,0
부산,북구,진단검사의학과,0
부산,서구,진단검사의학과,0
부산,영도구,진단검사의학과,0
부산,중구,진단검사의학과,0
부산,해운대구,진단검사의학과,0
부산,사하구,진단검사의학과,0
부산,금정구,진단검사의학과,0
부산,강서구,진단검사의학과,0
부산,연제구,진단검사의학과,0
부산,수영구,진단검사의학과,0
부산,사상구,진단검사의학과,0
부산,기장군,진단검사의학과,0
대구,남구,진단검사의학과,0
대구,동구,진단검사의학과,0
대구,북구,진단검사의학과,0
대구,서구,진단검사의학과,0
대구,수성구,진단검사의학과,0
대구,중구,진단검사의학과,2
대구,달서구,진단검사의학과,0
대구,달성군,진단검사의학과,0
인천,남구,진단검사의학과,0
인천,미추홀구,진단검사의학과,0
인천,동구,진단검사의학과,0
인천,부평구,진단검사의학과,0
인천,중구,진단검사의학과,0
인천,서구,진단검사의학과,0
인천,남동구,진단검사의학과,0
인천,연수구,진단검사의학과,0
인천,계양구,진단검사의학과,0
인천,강화군,진단검사의학과,0
인천,옹진군,진단검사의학과,0
광주,동구,진단검사의학과,0
광주,북구,진단검사의학과,0
광주,서구,진단검사의학과,0
광주,광산구,진단검사의학과,0
광주,남구,진단검사의학과,0
대전,유성구,진단검사의학과,1
대전,대덕구,진단검사의학과,0
대전,서구,진단검사의학과,1
대전,동구,진단검사의학과,0
대전,중구,진단검사의학과,0
울산,남구,진단검사의학과,0
울산,동구,진단검사의학과,0
울산,중구,진단검사의학과,0
울산,북구,진단검사의학과,0
울산,울주군,진단검사의학과,0
세종,세종시,진단검사의학과,0
경기,가평군,진단검사의학과,0
경기,양평군,진단검사의학과,0
경기,여주시,진단검사의학과,0
경기,연천군,진단검사의학과,0
경기,광명시,진단검사의학과,0
경기,동두천시,진단검사의학과,0
경기,부천시,진단검사의학과,0
경기,성남시 수정구,진단검사의학과,0
경기,성남시 중원구,진단검사의학과,0
경기,성남시 분당구,진단검사의학과,2
경기,수원시 권선구,진단검사의학과,0
경기,수원시 장안구,진단검사의학과,0
경기,수원시 팔달구,진단검사의학과,0
경기,수원시 영통구,진단검사의학과,0
경기,안양시 만안구,진단검사의학과,0
경기,안양시 동안구,진단검사의학과,0
경기,의정부시,진단검사의학과,0
경기,과천시,진단검사의학과,0
경기,구리시,진단검사의학과,0
경기,안산시 단원구,진단검사의학과,0
경기,안산시 상록구,진단검사의학과,0
경기,평택시,진단검사의학과,0
경기,하남시,진단검사의학과,0
경기,군포시,진단검사의학과,0
경기,남양주시,진단검사의학과,0
경기,의왕시,진단검사의학과,0
경기,시흥시,진단검사의학과,0
경기,오산시,진단검사의학과,0
경기,고양시 덕양구,진단검사의학과,0
경기,고양시 일산 서구,진단검사의학과,0
경기,고양시 일산 동구,진단검사의학과,1
경기,용인기흥구,진단검사의학과,0
경기,용인수지구,진단검사의학과,0
경기,용인처인구,진단검사의학과,0
경기,이천시,진단검사의학과,0
경기,파주시,진단검사의학과,0
경기,김포시,진단검사의학과,0
경기,안성시,진단검사의학과,0
경기,화성시,진단검사의학과,0
경기,광주시,진단검사의학과,0
경기,양주시,진단검사의학과,0
경기,포천시,진단검사의학과,0
강원,고성군,진단검사의학과,0
강원,양구군,진단검사의학과,0
강원,양양군,진단검사의학과,0
강원,영월군,진단검사의학과,0
강원,인제군,진단검사의학과,0
강원,정선군,진단검사의학과,0
강원,철원군,진단검사의학과,0
강원,평창군,진단검사의학과,0
강원,홍천군,진단검사의학과,0
강원,화천군,진단검사의학과,0
강원,횡성군,진단검사의학과,0
강원,강릉시,진단검사의학과,0
강원,동해시,진단검사의학과,0
강원,속초시,진단검사의학과,0
강원,원주시,진단검사의학과,0
강원,춘천시,진단검사의학과,0
강원,태백시,진단검사의학과,0
강원,삼척시,진단검사의학과,0
충북,괴산군,진단검사의학과,0
충북,단양군,진단검사의학과,0
충북,보은군,진단검사의학과,0
충북,영동군,진단검사의학과,0
충북,옥천군,진단검사의학과,0
충북,음성군,진단검사의학과,0
충북,진천군,진단검사의학과,0
충북,증평군,진단검사의학과,0
충북,청주시 상당구,진단검사의학과,0
충북,청주시 흥덕구,진단검사의학과,0
충북,청주시 청원구,진단검사의학과,0
충북,청주시 서원구,진단검사의학과,0
충북,충주시,진단검사의학과,0
충북,제천시,진단검사의학과,0
충남,금산군,진단검사의학과,0
충남,당진시,진단검사의학과,0
충남,부여군,진단검사의학과,0
충남,서천군,진단검사의학과,0
충남,예산군,진단검사의학과,0
충남,청양군,진단검사의학과,0
충남,홍성군,진단검사의학과,0
충남,태안군,진단검사의학과,0
충남,천안시 서북구,진단검사의학과,0
충남,천안시 동남구,진단검사의학과,0
충남,공주시,진단검사의학과,0
충남,보령시,진단검사의학과,0
충남,아산시,진단검사의학과,0
충남,서산시,진단검사의학과,0
충남,논산시,진단검사의학과,0
충남,계룡시,진단검사의학과,0
전북,고창군,진단검사의학과,0
전북,무주군,진단검사의학과,0
전북,부안군,진단검사의학과,0
전북,순창군,진단검사의학과,0
전북,완주군,진단검사의학과,0
전북,임실군,진단검사의학과,0
전북,장수군,진단검사의학과,0
전북,진안군,진단검사의학과,0
전북,군산시,진단검사의학과,0
전북,남원시,진단검사의학과,0
전북,익산시,진단검사의학과,0
전북,전주시 완산구,진단검사의학과,0
전북,전주시 덕진구,진단검사의학과,1
전북,정읍시,진단검사의학과,0
전북,김제시,진단검사의학과,0
전남,강진군,진단검사의학과,0
전남,고흥군,진단검사의학과,0
전남,곡성군,진단검사의학과,0
전남,구례군,진단검사의학과,0
전남,담양군,진단검사의학과,0
전남,무안군,진단검사의학과,0
전남,보성군,진단검사의학과,0
전남,신안군,진단검사의학과,0
전남,영광군,진단검사의학과,0
전남,영암군,진단검사의학과,0
전남,완도군,진단검사의학과,0
전남,장성군,진단검사의학과,0
전남,장흥군,진단검사의학과,0
전남,진도군,진단검사의학과,0
전남,함평군,진단검사의학과,0
전남,해남군,진단검사의학과,0
전남,화순군,진단검사의학과,0
전남,나주시,진단검사의학과,0
전남,목포시,진단검사의학과,0
전남,순천시,진단검사의학과,0
전남,여수시,진단검사의학과,0
전남,광양시,진단검사의학과,0
경북,고령군,진단검사의학과,0
경북,군위군,진단검사의학과,0
경북,봉화군,진단검사의학과,0
경북,성주군,진단검사의학과,0
경북,영덕군,진단검사의학과,0
경북,영양군,진단검사의학과,0
경북,예천군,진단검사의학과,0
경북,울릉군,진단검사의학과,0
경북,울진군,진단검사의학과,0
경북,의성군,진단검사의학과,0
경북,청도군,진단검사의학과,0
경북,청송군,진단검사의학과,0
경북,칠곡군,진단검사의학과,0
경북,경주시,진단검사의학과,0
경북,구미시,진단검사의학과,0
경북,김천시,진단검사의학과,0
경북,안동시,진단검사의학과,0
경북,영주시,진단검사의학과,0
경북,영천시,진단검사의학과,0
경북,포항시 남구,진단검사의학과,0
경북,포항시 북구,진단검사의학과,0
경북,문경시,진단검사의학과,0
경북,상주시,진단검사의학과,0
경북,경산시,진단검사의학과,0
경남,거창군,진단검사의학과,0
경남,고성군,진단검사의학과,0
경남,남해군,진단검사의학과,0
경남,산청군,진단검사의학과,0
경남,의령군,진단검사의학과,0
경남,창녕군,진단검사의학과,0
경남,하동군,진단검사의학과,0
경남,함안군,진단검사의학과,0
경남,함양군,진단검사의학과,0
경남,합천군,진단검사의학과,0
경남,김해시,진단검사의학과,0
경남,사천시,진단검사의학과,0
경남,진주시,진단검사의학과,0
경남,창원시 마산회원구,진단검사의학과,0
경남,창원시 마산합포구,진단검사의학과,0
경남,창원시 진해구,진단검사의학과,0
경남,창원시 의창구,진단검사의학과,0
경남,창원시 성산구,진단검사의학과,0
경남,통영시,진단검사의학과,0
경남,밀양시,진단검사의학과,0
경남,거제시,진단검사의학과,0
경남,양산시,진단검사의학과,0
제주,서귀포시,진단검사의학과,0
제주,제주시,진단검사의학과,0
서울,강남구,결핵과,0
서울,강동구,결핵과,0
서울,강서구,결핵과,0
서울,관악구,결핵과,0
서울,구로구,결핵과,0
서울,도봉구,결핵과,0
서울,동대문구,결핵과,0
서울,동작구,결핵과,0
서울,마포구,결핵과,0
서울,서대문구,결핵과,0
서울,성동구,결핵과,0
서울,성북구,결핵과,0
서울,영등포구,결핵과,0
서울,용산구,결핵과,0
서울,은평구,결핵과,0
서울,종로구,결핵과,0
서울,중구,결핵과,0
서울,송파구,결핵과,0
서울,중랑구,결핵과,0
서울,양천구,결핵과,0
서울,서초구,결핵과,0
서울,노원구,결핵과,0
서울,광진구,결핵과,0
서울,강북구,결핵과,0
서울,금천구,결핵과,0
부산,남구,결핵과,0
부산,동구,결핵과,0
부산,동래구,결핵과,0
부산,진구,결핵과,0
부산,북구,결핵과,0
부산,서구,결핵과,0
부산,영도구,결핵과,0
부산,중구,결핵과,0
부산,해운대구,결핵과,0
부산,사하구,결핵과,0
부산,금정구,결핵과,0
부산,강서구,결핵과,0
부산,연제구,결핵과,0
부산,수영구,결핵과,0
부산,사상구,결핵과,0
부산,기장군,결핵과,0
대구,남구,결핵과,0
대구,동구,결핵과,0
대구,북구,결핵과,0
대구,서구,결핵과,0
대구,수성구,결핵과,0
대구,중구,결핵과,0
대구,달서구,결핵과,0
대구,달성군,결핵과,0
인천,남구,결핵과,0
인천,미추홀구,결핵과,0
인천,동구,결핵과,0
인천,부평구,결핵과,0
인천,중구,결핵과,0
인천,서구,결핵과,0
인천,남동구,결핵과,0
인천,연수구,결핵과,0
인천,계양구,결핵과,0
인천,강화군,결핵과,0
인천,옹진군,결핵과,0
광주,동구,결핵과,0
광주,북구,결핵과,0
광주,서구,결핵과,0
광주,광산구,결핵과,0
광주,남구,결핵과,0
대전,유성구,결핵과,0
대전,대덕구,결핵과,0
대전,서구,결핵과,0
대전,동구,결핵과,0
대전,중구,결핵과,0
울산,남구,결핵과,0
울산,동구,결핵과,0
울산,중구,결핵과,1
울산,북구,결핵과,0
울산,울주군,결핵과,0
세종,세종시,결핵과,0
경기,가평군,결핵과,0
경기,양평군,결핵과,0
경기,여주시,결핵과,0
경기,연천군,결핵과,0
경기,광명시,결핵과,1
경기,동두천시,결핵과,0
경기,부천시,결핵과,0
경기,성남시 수정구,결핵과,0
경기,성남시 중원구,결핵과,0
경기,성남시 분당구,결핵과,0
경기,수원시 권선구,결핵과,0
경기,수원시 장안구,결핵과,0
경기,수원시 팔달구,결핵과,0
경기,수원시 영통구,결핵과,0
경기,안양시 만안구,결핵과,0
경기,안양시 동안구,결핵과,0
경기,의정부시,결핵과,0
경기,과천시,결핵과,0
경기,구리시,결핵과,0
경기,안산시 단원구,결핵과,0
경기,안산시 상록구,결핵과,0
경기,평택시,결핵과,0
경기,하남시,결핵과,0
경기,군포시,결핵과,0
경기,남양주시,결핵과,0
경기,의왕시,결핵과,0
경기,시흥시,결핵과,0
경기,오산시,결핵과,0
경기,고양시 덕양구,결핵과,0
경기,고양시 일산 서구,결핵과,0
경기,고양시 일산 동구,결핵과,0
경기,용인기흥구,결핵과,0
경기,용인수지구,결핵과,0
경기,용인처인구,결핵과,0
경기,이천시,결핵과,0
경기,파주시,결핵과,0
경기,김포시,결핵과,0
경기,안성시,결핵과,0
경기,화성시,결핵과,0
경기,광주시,결핵과,0
경기,양주시,결핵과,0
경기,포천시,결핵과,0
강원,고성군,결핵과,0
강원,양구군,결핵과,0
강원,양양군,결핵과,0
강원,영월군,결핵과,0
강원,인제군,결핵과,0
강원,정선군,결핵과,0
강원,철원군,결핵과,0
강원,평창군,결핵과,0
강원,홍천군,결핵과,0
강원,화천군,결핵과,0
강원,횡성군,결핵과,0
강원,강릉시,결핵과,0
강원,동해시,결핵과,0
강원,속초시,결핵과,0
강원,원주시,결핵과,0
강원,춘천시,결핵과,0
강원,태백시,결핵과,0
강원,삼척시,결핵과,0
충북,괴산군,결핵과,0
충북,단양군,결핵과,0
충북,보은군,결핵과,0
충북,영동군,결핵과,0
충북,옥천군,결핵과,0
충북,음성군,결핵과,0
충북,진천군,결핵과,0
충북,증평군,결핵과,0
충북,청주시 상당구,결핵과,0
충북,청주시 흥덕구,결핵과,0
충북,청주시 청원구,결핵과,0
충북,청주시 서원구,결핵과,0
충북,충주시,결핵과,0
충북,제천시,결핵과,0
충남,금산군,결핵과,0
충남,당진시,결핵과,0
충남,부여군,결핵과,0
충남,서천군,결핵과,0
충남,예산군,결핵과,0
충남,청양군,결핵과,0
충남,홍성군,결핵과,0
충남,태안군,결핵과,0
충남,천안시 서북구,결핵과,0
충남,천안시 동남구,결핵과,0
충남,공주시,결핵과,0
충남,보령시,결핵과,0
충남,아산시,결핵과,0
충남,서산시,결핵과,0
충남,논산시,결핵과,0
충남,계룡시,결핵과,0
전북,고창군,결핵과,0
전북,무주군,결핵과,0
전북,부안군,결핵과,0
전북,순창군,결핵과,0
전북,완주군,결핵과,0
전북,임실군,결핵과,0
전북,장수군,결핵과,0
전북,진안군,결핵과,0
전북,군산시,결핵과,0
전북,남원시,결핵과,0
전북,익산시,결핵과,0
전북,전주시 완산구,결핵과,0
전북,전주시 덕진구,결핵과,0
전북,정읍시,결핵과,0
전북,김제시,결핵과,0
전남,강진군,결핵과,0
전남,고흥군,결핵과,0
전남,곡성군,결핵과,0
전남,구례군,결핵과,0
전남,담양군,결핵과,0
전남,무안군,결핵과,0
전남,보성군,결핵과,0
전남,신안군,결핵과,0
전남,영광군,결핵과,0
전남,영암군,결핵과,0
전남,완도군,결핵과,0
전남,장성군,결핵과,0
전남,장흥군,결핵과,0
전남,진도군,결핵과,0
전남,함평군,결핵과,0
전남,해남군,결핵과,0
전남,화순군,결핵과,0
전남,나주시,결핵과,0
전남,목포시,결핵과,0
전남,순천시,결핵과,0
전남,여수시,결핵과,0
전남,광양시,결핵과,0
경북,고령군,결핵과,0
경북,군위군,결핵과,0
경북,봉화군,결핵과,0
경북,성주군,결핵과,0
경북,영덕군,결핵과,0
경북,영양군,결핵과,0
경북,예천군,결핵과,0
경북,울릉군,결핵과,0
경북,울진군,결핵과,0
경북,의성군,결핵과,0
경북,청도군,결핵과,0
경북,청송군,결핵과,0
경북,칠곡군,결핵과,0
경북,경주시,결핵과,0
경북,구미시,결핵과,0
경북,김천시,결핵과,0
경북,안동시,결핵과,0
경북,영주시,결핵과,0
경북,영천시,결핵과,0
경북,포항시 남구,결핵과,0
경북,포항시 북구,결핵과,0
경북,문경시,결핵과,0
경북,상주시,결핵과,0
경북,경산시,결핵과,0
경남,거창군,결핵과,0
경남,고성군,결핵과,0
경남,남해군,결핵과,0
경남,산청군,결핵과,0
경남,의령군,결핵과,0
경남,창녕군,결핵과,0
경남,하동군,결핵과,0
경남,함안군,결핵과,0
경남,함양군,결핵과,0
경남,합천군,결핵과,0
경남,김해시,결핵과,0
경남,사천시,결핵과,0
경남,진주시,결핵과,0
경남,창원시 마산회원구,결핵과,0
경남,창원시 마산합포구,결핵과,0
경남,창원시 진해구,결핵과,0
경남,창원시 의창구,결핵과,0
경남,창원시 성산구,결핵과,0
경남,통영시,결핵과,0
경남,밀양시,결핵과,0
경남,거제시,결핵과,0
경남,양산시,결핵과,0
제주,서귀포시,결핵과,0
제주,제주시,결핵과,0
서울,강남구,재활의학과,14
서울,강동구,재활의학과,6
서울,강서구,재활의학과,7
서울,관악구,재활의학과,4
서울,구로구,재활의학과,3
서울,도봉구,재활의학과,2
서울,동대문구,재활의학과,7
서울,동작구,재활의학과,8
서울,마포구,재활의학과,5
서울,서대문구,재활의학과,4
서울,성동구,재활의학과,3
서울,성북구,재활의학과,4
서울,영등포구,재활의학과,9
서울,용산구,재활의학과,2
서울,은평구,재활의학과,7
서울,종로구,재활의학과,1
서울,중구,재활의학과,4
서울,송파구,재활의학과,11
서울,중랑구,재활의학과,2
서울,양천구,재활의학과,3
서울,서초구,재활의학과,9
서울,노원구,재활의학과,6
서울,광진구,재활의학과,5
서울,강북구,재활의학과,3
서울,금천구,재활의학과,1
부산,남구,재활의학과,1
부산,동구,재활의학과,1
부산,동래구,재활의학과,2
부산,진구,재활의학과,1
부산,북구,재활의학과,2
부산,서구,재활의학과,0
부산,영도구,재활의학과,1
부산,중구,재활의학과,1
부산,해운대구,재활의학과,4
부산,사하구,재활의학과,1
부산,금정구,재활의학과,1
부산,강서구,재활의학과,0
부산,연제구,재활의학과,2
부산,수영구,재활의학과,1
부산,사상구,재활의학과,1
부산,기장군,재활의학과,0
대구,남구,재활의학과,2
대구,동구,재활의학과,1
대구,북구,재활의학과,1
대구,서구,재활의학과,0
대구,수성구,재활의학과,4
대구,중구,재활의학과,2
대구,달서구,재활의학과,3
대구,달성군,재활의학과,0
인천,남구,재활의학과,0
인천,미추홀구,재활의학과,3
인천,동구,재활의학과,0
인천,부평구,재활의학과,5
인천,중구,재활의학과,0
인천,서구,재활의학과,1
인천,남동구,재활의학과,4
인천,연수구,재활의학과,1
인천,계양구,재활의학과,4
인천,강화군,재활의학과,0
인천,옹진군,재활의학과,0
광주,동구,재활의학과,1
광주,북구,재활의학과,6
광주,서구,재활의학과,4
광주,광산구,재활의학과,1
광주,남구,재활의학과,1
대전,유성구,재활의학과,5
대전,대덕구,재활의학과,3
대전,서구,재활의학과,14
대전,동구,재활의학과,6
대전,중구,재활의학과,6
울산,남구,재활의학과,3
울산,동구,재활의학과,0
울산,중구,재활의학과,2
울산,북구,재활의학과,1
울산,울주군,재활의학과,0
세종,세종시,재활의학과,1
경기,가평군,재활의학과,0
경기,양평군,재활의학과,1
경기,여주시,재활의학과,1
경기,연천군,재활의학과,0
경기,광명시,재활의학과,2
경기,동두천시,재활의학과,0
경기,부천시,재활의학과,5
경기,성남시 수정구,재활의학과,2
경기,성남시 중원구,재활의학과,2
경기,성남시 분당구,재활의학과,11
경기,수원시 권선구,재활의학과,1
경기,수원시 장안구,재활의학과,2
경기,수원시 팔달구,재활의학과,1
경기,수원시 영통구,재활의학과,3
경기,안양시 만안구,재활의학과,3
경기,안양시 동안구,재활의학과,2
경기,의정부시,재활의학과,1
경기,과천시,재활의학과,0
경기,구리시,재활의학과,0
경기,안산시 단원구,재활의학과,2
경기,안산시 상록구,재활의학과,2
경기,평택시,재활의학과,4
경기,하남시,재활의학과,0
경기,군포시,재활의학과,2
경기,남양주시,재활의학과,4
경기,의왕시,재활의학과,1
경기,시흥시,재활의학과,2
경기,오산시,재활의학과,0
경기,고양시 덕양구,재활의학과,5
경기,고양시 일산 서구,재활의학과,2
경기,고양시 일산 동구,재활의학과,2
경기,용인기흥구,재활의학과,1
경기,용인수지구,재활의학과,4
경기,용인처인구,재활의학과,1
경기,이천시,재활의학과,0
경기,파주시,재활의학과,4
경기,김포시,재활의학과,2
경기,안성시,재활의학과,3
경기,화성시,재활의학과,1
경기,광주시,재활의학과,1
경기,양주시,재활의학과,1
경기,포천시,재활의학과,0
강원,고성군,재활의학과,0
강원,양구군,재활의학과,0
강원,양양군,재활의학과,0
강원,영월군,재활의학과,0
강원,인제군,재활의학과,0
강원,정선군,재활의학과,0
강원,철원군,재활의학과,0
강원,평창군,재활의학과,0
강원,홍천군,재활의학과,0
강원,화천군,재활의학과,0
강원,횡성군,재활의학과,0
강원,강릉시,재활의학과,2
강원,동해시,재활의학과,0
강원,속초시,재활의학과,1
강원,원주시,재활의학과,5
강원,춘천시,재활의학과,6
강원,태백시,재활의학과,0
강원,삼척시,재활의학과,0
충북,괴산군,재활의학과,0
충북,단양군,재활의학과,0
충북,보은군,재활의학과,0
충북,영동군,재활의학과,1
충북,옥천군,재활의학과,0
충북,음성군,재활의학과,0
충북,진천군,재활의학과,1
충북,증평군,재활의학과,0
충북,청주시 상당구,재활의학과,0
충북,청주시 흥덕구,재활의학과,4
충북,청주시 청원구,재활의학과,1
충북,청주시 서원구,재활의학과,0
충북,충주시,재활의학과,2
충북,제천시,재활의학과,1
충남,금산군,재활의학과,2
충남,당진시,재활의학과,1
충남,부여군,재활의학과,0
충남,서천군,재활의학과,1
충남,예산군,재활의학과,0
충남,청양군,재활의학과,0
충남,홍성군,재활의학과,0
충남,태안군,재활의학과,0
충남,천안시 서북구,재활의학과,2
충남,천안시 동남구,재활의학과,0
충남,공주시,재활의학과,0
충남,보령시,재활의학과,1
충남,아산시,재활의학과,3
충남,서산시,재활의학과,1
충남,논산시,재활의학과,2
충남,계룡시,재활의학과,0
전북,고창군,재활의학과,1
전북,무주군,재활의학과,0
전북,부안군,재활의학과,0
전북,순창군,재활의학과,1
전북,완주군,재활의학과,0
전북,임실군,재활의학과,0
전북,장수군,재활의학과,0
전북,진안군,재활의학과,0
전북,군산시,재활의학과,0
전북,남원시,재활의학과,1
전북,익산시,재활의학과,1
전북,전주시 완산구,재활의학과,2
전북,전주시 덕진구,재활의학과,3
전북,정읍시,재활의학과,1
전북,김제시,재활의학과,1
전남,강진군,재활의학과,0
전남,고흥군,재활의학과,1
전남,곡성군,재활의학과,0
전남,구례군,재활의학과,0
전남,담양군,재활의학과,0
전남,무안군,재활의학과,0
전남,보성군,재활의학과,0
전남,신안군,재활의학과,0
전남,영광군,재활의학과,0
전남,영암군,재활의학과,0
전남,완도군,재활의학과,0
전남,장성군,재활의학과,0
전남,장흥군,재활의학과,0
전남,진도군,재활의학과,0
전남,함평군,재활의학과,0
전남,해남군,재활의학과,1
전남,화순군,재활의학과,0
전남,나주시,재활의학과,0
전남,목포시,재활의학과,1
전남,순천시,재활의학과,0
전남,여수시,재활의학과,1
전남,광양시,재활의학과,0
경북,고령군,재활의학과,0
경북,군위군,재활의학과,0
경북,봉화군,재활의학과,0
경북,성주군,재활의학과,0
경북,영덕군,재활의학과,0
경북,영양군,재활의학과,0
경북,예천군,재활의학과,0
경북,울릉군,재활의학과,0
경북,울진군,재활의학과,0
경북,의성군,재활의학과,0
경북,청도군,재활의학과,0
경북,청송군,재활의학과,0
경북,칠곡군,재활의학과,0
경북,경주시,재활의학과,2
경북,구미시,재활의학과,0
경북,김천시,재활의학과,2
경북,안동시,재활의학과,1
경북,영주시,재활의학과,1
경북,영천시,재활의학과,0
경북,포항시 남구,재활의학과,0
경북,포항시 북구,재활의학과,3
경북,문경시,재활의학과,0
경북,상주시,재활의학과,0
경북,경산시,재활의학과,1
경남,거창군,재활의학과,0
경남,고성군,재활의학과,0
경남,남해군,재활의학과,0
경남,산청군,재활의학과,0
경남,의령군,재활의학과,0
경남,창녕군,재활의학과,0
경남,하동군,재활의학과,0
경남,함안군,재활의학과,0
경남,함양군,재활의학과,0
경남,합천군,재활의학과,0
경남,김해시,재활의학과,1
경남,사천시,재활의학과,0
경남,진주시,재활의학과,4
경남,창원시 마산회원구,재활의학과,0
경남,창원시 마산합포구,재활의학과,1
경남,창원시 진해구,재활의학과,1
경남,창원시 의창구,재활의학과,1
경남,창원시 성산구,재활의학과,2
경남,통영시,재활의학과,0
경남,밀양시,재활의학과,0
경남,거제시,재활의학과,1
경남,양산시,재활의학과,0
제주,서귀포시,재활의학과,2
제주,제주시,재활의학과,5
서울,강남구,핵의학과,0
서울,강동구,핵의학과,0
서울,강서구,핵의학과,0
서울,관악구,핵의학과,0
서울,구로구,핵의학과,0
서울,도봉구,핵의학과,0
서울,동대문구,핵의학과,0
서울,동작구,핵의학과,0
서울,마포구,핵의학과,0
서울,서대문구,핵의학과,0
서울,성동구,핵의학과,0
서울,성북구,핵의학과,0
서울,영등포구,핵의학과,0
서울,용산구,핵의학과,0
서울,은평구,핵의학과,0
서울,종로구,핵의학과,0
서울,중구,핵의학과,0
서울,송파구,핵의학과,0
서울,중랑구,핵의학과,0
서울,양천구,핵의학과,0
서울,서초구,핵의학과,0
서울,노원구,핵의학과,0
서울,광진구,핵의학과,0
서울,강북구,핵의학과,0
서울,금천구,핵의학과,0
부산,남구,핵의학과,0
부산,동구,핵의학과,1
부산,동래구,핵의학과,0
부산,진구,핵의학과,0
부산,북구,핵의학과,0
부산,서구,핵의학과,0
부산,영도구,핵의학과,0
부산,중구,핵의학과,0
부산,해운대구,핵의학과,0
부산,사하구,핵의학과,0
부산,금정구,핵의학과,0
부산,강서구,핵의학과,0
부산,연제구,핵의학과,0
부산,수영구,핵의학과,0
부산,사상구,핵의학과,0
부산,기장군,핵의학과,0
대구,남구,핵의학과,0
대구,동구,핵의학과,0
대구,북구,핵의학과,0
대구,서구,핵의학과,0
대구,수성구,핵의학과,0
대구,중구,핵의학과,0
대구,달서구,핵의학과,0
대구,달성군,핵의학과,0
인천,남구,핵의학과,0
인천,미추홀구,핵의학과,0
인천,동구,핵의학과,0
인천,부평구,핵의학과,0
인천,중구,핵의학과,0
인천,서구,핵의학과,0
인천,남동구,핵의학과,0
인천,연수구,핵의학과,0
인천,계양구,핵의학과,0
인천,강화군,핵의학과,0
인천,옹진군,핵의학과,0
광주,동구,핵의학과,0
광주,북구,핵의학과,0
광주,서구,핵의학과,0
광주,광산구,핵의학과,0
광주,남구,핵의학과,0
대전,유성구,핵의학과,0
대전,대덕구,핵의학과,0
대전,서구,핵의학과,0
대전,동구,핵의학과,0
대전,중구,핵의학과,0
울산,남구,핵의학과,0
울산,동구,핵의학과,0
울산,중구,핵의학과,0
울산,북구,핵의학과,0
울산,울주군,핵의학과,0
세종,세종시,핵의학과,0
경기,가평군,핵의학과,0
경기,양평군,핵의학과,0
경기,여주시,핵의학과,0
경기,연천군,핵의학과,0
경기,광명시,핵의학과,0
경기,동두천시,핵의학과,0
경기,부천시,핵의학과,0
경기,성남시 수정구,핵의학과,0
경기,성남시 중원구,핵의학과,0
경기,성남시 분당구,핵의학과,0
경기,수원시 권선구,핵의학과,0
경기,수원시 장안구,핵의학과,0
경기,수원시 팔달구,핵의학과,0
경기,수원시 영통구,핵의학과,0
경기,안양시 만안구,핵의학과,0
경기,안양시 동안구,핵의학과,0
경기,의정부시,핵의학과,0
경기,과천시,핵의학과,0
경기,구리시,핵의학과,0
경기,안산시 단원구,핵의학과,0
경기,안산시 상록구,핵의학과,0
경기,평택시,핵의학과,0
경기,하남시,핵의학과,0
경기,군포시,핵의학과,0
경기,남양주시,핵의학과,0
경기,의왕시,핵의학과,0
경기,시흥시,핵의학과,0
경기,오산시,핵의학과,0
경기,고양시 덕양구,핵의학과,0
경기,고양시 일산 서구,핵의학과,0
경기,고양시 일산 동구,핵의학과,0
경기,용인기흥구,핵의학과,0
경기,용인수지구,핵의학과,0
경기,용인처인구,핵의학과,0
경기,이천시,핵의학과,0
경기,파주시,핵의학과,0
경기,김포시,핵의학과,0
경기,안성시,핵의학과,0
경기,화성시,핵의학과,0
경기,광주시,핵의학과,0
경기,양주시,핵의학과,0
경기,포천시,핵의학과,0
강원,고성군,핵의학과,0
강원,양구군,핵의학과,0
강원,양양군,핵의학과,0
강원,영월군,핵의학과,0
강원,인제군,핵의학과,0
강원,정선군,핵의학과,0
강원,철원군,핵의학과,0
강원,평창군,핵의학과,0
강원,홍천군,핵의학과,0
강원,화천군,핵의학과,0
강원,횡성군,핵의학과,0
강원,강릉시,핵의학과,0
강원,동해시,핵의학과,0
강원,속초시,핵의학과,0
강원,원주시,핵의학과,0
강원,춘천시,핵의학과,0
강원,태백시,핵의학과,0
강원,삼척시,핵의학과,0
충북,괴산군,핵의학과,0
충북,단양군,핵의학과,0
충북,보은군,핵의학과,0
충북,영동군,핵의학과,0
충북,옥천군,핵의학과,0
충북,음성군,핵의학과,0
충북,진천군,핵의학과,0
충북,증평군,핵의학과,0
충북,청주시 상당구,핵의학과,0
충북,청주시 흥덕구,핵의학과,0
충북,청주시 청원구,핵의학과,0
충북,청주시 서원구,핵의학과,0
충북,충주시,핵의학과,0
충북,제천시,핵의학과,0
충남,금산군,핵의학과,0
충남,당진시,핵의학과,0
충남,부여군,핵의학과,0
충남,서천군,핵의학과,0
충남,예산군,핵의학과,0
충남,청양군,핵의학과,0
충남,홍성군,핵의학과,0
충남,태안군,핵의학과,0
충남,천안시 서북구,핵의학과,0
충남,천안시 동남구,핵의학과,0
충남,공주시,핵의학과,0
충남,보령시,핵의학과,0
충남,아산시,핵의학과,0
충남,서산시,핵의학과,0
충남,논산시,핵의학과,0
충남,계룡시,핵의학과,0
전북,고창군,핵의학과,0
전북,무주군,핵의학과,0
전북,부안군,핵의학과,0
전북,순창군,핵의학과,0
전북,완주군,핵의학과,0
전북,임실군,핵의학과,0
전북,장수군,핵의학과,0
전북,진안군,핵의학과,0
전북,군산시,핵의학과,0
전북,남원시,핵의학과,0
전북,익산시,핵의학과,0
전북,전주시 완산구,핵의학과,0
전북,전주시 덕진구,핵의학과,0
전북,정읍시,핵의학과,0
전북,김제시,핵의학과,0
전남,강진군,핵의학과,0
전남,고흥군,핵의학과,0
전남,곡성군,핵의학과,0
전남,구례군,핵의학과,0
전남,담양군,핵의학과,0
전남,무안군,핵의학과,0
전남,보성군,핵의학과,0
전남,신안군,핵의학과,0
전남,영광군,핵의학과,0
전남,영암군,핵의학과,0
전남,완도군,핵의학과,0
전남,장성군,핵의학과,0
전남,장흥군,핵의학과,0
전남,진도군,핵의학과,0
전남,함평군,핵의학과,0
전남,해남군,핵의학과,0
전남,화순군,핵의학과,0
전남,나주시,핵의학과,0
전남,목포시,핵의학과,0
전남,순천시,핵의학과,0
전남,여수시,핵의학과,0
전남,광양시,핵의학과,0
경북,고령군,핵의학과,0
경북,군위군,핵의학과,0
경북,봉화군,핵의학과,0
경북,성주군,핵의학과,0
경북,영덕군,핵의학과,0
경북,영양군,핵의학과,0
경북,예천군,핵의학과,0
경북,울릉군,핵의학과,0
경북,울진군,핵의학과,0
경북,의성군,핵의학과,0
경북,청도군,핵의학과,0
경북,청송군,핵의학과,0
경북,칠곡군,핵의학과,0
경북,경주시,핵의학과,0
경북,구미시,핵의학과,0
경북,김천시,핵의학과,0
경북,안동시,핵의학과,0
경북,영주시,핵의학과,0
경북,영천시,핵의학과,0
경북,포항시 남구,핵의학과,0
경북,포항시 북구,핵의학과,0
경북,문경시,핵의학과,0
경북,상주시,핵의학과,0
경북,경산시,핵의학과,0
경남,거창군,핵의학과,0
경남,고성군,핵의학과,0
경남,남해군,핵의학과,0
경남,산청군,핵의학과,0
경남,의령군,핵의학과,0
경남,창녕군,핵의학과,0
경남,하동군,핵의학과,0
경남,함안군,핵의학과,0
경남,함양군,핵의학과,0
경남,합천군,핵의학과,0
경남,김해시,핵의학과,0
경남,사천시,핵의학과,0
경남,진주시,핵의학과,0
경남,창원시 마산회원구,핵의학과,0
경남,창원시 마산합포구,핵의학과,0
경남,창원시 진해구,핵의학과,0
경남,창원시 의창구,핵의학과,0
경남,창원시 성산구,핵의학과,0
경남,통영시,핵의학과,0
경남,밀양시,핵의학과,0
경남,거제시,핵의학과,0
경남,양산시,핵의학과,0
제주,서귀포시,핵의학과,0
제주,제주시,핵의학과,0
서울,강남구,가정의학과,6
서울,강동구,가정의학과,5
서울,강서구,가정의학과,18
서울,관악구,가정의학과,10
서울,구로구,가정의학과,13
서울,도봉구,가정의학과,8
서울,동대문구,가정의학과,5
서울,동작구,가정의학과,5
서울,마포구,가정의학과,12
서울,서대문구,가정의학과,4
서울,성동구,가정의학과,3
서울,성북구,가정의학과,18
서울,영등포구,가정의학과,10
서울,용산구,가정의학과,3
서울,은평구,가정의학과,10
서울,종로구,가정의학과,7
서울,중구,가정의학과,5
서울,송파구,가정의학과,14
서울,중랑구,가정의학과,3
서울,양천구,가정의학과,10
서울,서초구,가정의학과,10
서울,노원구,가정의학과,13
서울,광진구,가정의학과,8
서울,강북구,가정의학과,1
서울,금천구,가정의학과,0
부산,남구,가정의학과,2
부산,동구,가정의학과,2
부산,동래구,가정의학과,4
부산,진구,가정의학과,1
부산,북구,가정의학과,1
부산,서구,가정의학과,0
부산,영도구,가정의학과,0
부산,중구,가정의학과,2
부산,해운대구,가정의학과,2
부산,사하구,가정의학과,3
부산,금정구,가정의학과,6
부산,강서구,가정의학과,2
부산,연제구,가정의학과,2
부산,수영구,가정의학과,3
부산,사상구,가정의학과,3
부산,기장군,가정의학과,1
대구,남구,가정의학과,2
대구,동구,가정의학과,6
대구,북구,가정의학과,3
대구,서구,가정의학과,6
대구,수성구,가정의학과,2
대구,중구,가정의학과,1
대구,달서구,가정의학과,8
대구,달성군,가정의학과,2
인천,남구,가정의학과,0
인천,미추홀구,가정의학과,8
인천,동구,가정의학과,0
인천,부평구,가정의학과,10
인천,중구,가정의학과,1
인천,서구,가정의학과,4
인천,남동구,가정의학과,4
인천,연수구,가정의학과,4
인천,계양구,가정의학과,2
인천,강화군,가정의학과,1
인천,옹진군,가정의학과,0
광주,동구,가정의학과,5
광주,북구,가정의학과,16
광주,서구,가정의학과,8
광주,광산구,가정의학과,15
광주,남구,가정의학과,8
대전,유성구,가정의학과,10
대전,대덕구,가정의학과,3
대전,서구,가정의학과,7
대전,동구,가정의학과,9
대전,중구,가정의학과,5
울산,남구,가정의학과,2
울산,동구,가정의학과,0
울산,중구,가정의학과,9
울산,북구,가정의학과,3
울산,울주군,가정의학과,2
세종,세종시,가정의학과,5
경기,가평군,가정의학과,1
경기,양평군,가정의학과,0
경기,여주시,가정의학과,1
경기,연천군,가정의학과,0
경기,광명시,가정의학과,3
경기,동두천시,가정의학과,1
경기,부천시,가정의학과,13
경기,성남시 수정구,가정의학과,3
경기,성남시 중원구,가정의학과,4
경기,성남시 분당구,가정의학과,11
경기,수원시 권선구,가정의학과,6
경기,수원시 장안구,가정의학과,6
경기,수원시 팔달구,가정의학과,5
경기,수원시 영통구,가정의학과,9
경기,안양시 만안구,가정의학과,2
경기,안양시 동안구,가정의학과,5
경기,의정부시,가정의학과,8
경기,과천시,가정의학과,1
경기,구리시,가정의학과,1
경기,안산시 단원구,가정의학과,2
경기,안산시 상록구,가정의학과,7
경기,평택시,가정의학과,4
경기,하남시,가정의학과,2
경기,군포시,가정의학과,7
경기,남양주시,가정의학과,5
경기,의왕시,가정의학과,3
경기,시흥시,가정의학과,7
경기,오산시,가정의학과,2
경기,고양시 덕양구,가정의학과,9
경기,고양시 일산 서구,가정의학과,5
경기,고양시 일산 동구,가정의학과,5
경기,용인기흥구,가정의학과,7
경기,용인수지구,가정의학과,6
경기,용인처인구,가정의학과,3
경기,이천시,가정의학과,1
경기,파주시,가정의학과,6
경기,김포시,가정의학과,3
경기,안성시,가정의학과,0
경기,화성시,가정의학과,4
경기,광주시,가정의학과,8
경기,양주시,가정의학과,1
경기,포천시,가정의학과,1
강원,고성군,가정의학과,0
강원,양구군,가정의학과,1
강원,양양군,가정의학과,0
강원,영월군,가정의학과,0
강원,인제군,가정의학과,0
강원,정선군,가정의학과,1
강원,철원군,가정의학과,1
강원,평창군,가정의학과,0
강원,홍천군,가정의학과,1
강원,화천군,가정의학과,0
강원,횡성군,가정의학과,0
강원,강릉시,가정의학과,2
강원,동해시,가정의학과,1
강원,속초시,가정의학과,1
강원,원주시,가정의학과,1
강원,춘천시,가정의학과,6
강원,태백시,가정의학과,0
강원,삼척시,가정의학과,0
충북,괴산군,가정의학과,0
충북,단양군,가정의학과,0
충북,보은군,가정의학과,0
충북,영동군,가정의학과,3
충북,옥천군,가정의학과,1
충북,음성군,가정의학과,2
충북,진천군,가정의학과,0
충북,증평군,가정의학과,1
충북,청주시 상당구,가정의학과,5
충북,청주시 흥덕구,가정의학과,7
충북,청주시 청원구,가정의학과,6
충북,청주시 서원구,가정의학과,11
충북,충주시,가정의학과,4
충북,제천시,가정의학과,0
충남,금산군,가정의학과,0
충남,당진시,가정의학과,1
충남,부여군,가정의학과,0
충남,서천군,가정의학과,0
충남,예산군,가정의학과,2
충남,청양군,가정의학과,0
충남,홍성군,가정의학과,1
충남,태안군,가정의학과,0
충남,천안시 서북구,가정의학과,5
충남,천안시 동남구,가정의학과,4
충남,공주시,가정의학과,2
충남,보령시,가정의학과,0
충남,아산시,가정의학과,4
충남,서산시,가정의학과,3
충남,논산시,가정의학과,3
충남,계룡시,가정의학과,0
전북,고창군,가정의학과,3
전북,무주군,가정의학과,0
전북,부안군,가정의학과,1
전북,순창군,가정의학과,0
전북,완주군,가정의학과,9
전북,임실군,가정의학과,3
전북,장수군,가정의학과,3
전북,진안군,가정의학과,3
전북,군산시,가정의학과,14
전북,남원시,가정의학과,4
전북,익산시,가정의학과,3
전북,전주시 완산구,가정의학과,12
전북,전주시 덕진구,가정의학과,13
전북,정읍시,가정의학과,5
전북,김제시,가정의학과,3
전남,강진군,가정의학과,0
전남,고흥군,가정의학과,1
전남,곡성군,가정의학과,0
전남,구례군,가정의학과,1
전남,담양군,가정의학과,0
전남,무안군,가정의학과,0
전남,보성군,가정의학과,0
전남,신안군,가정의학과,0
전남,영광군,가정의학과,1
전남,영암군,가정의학과,1
전남,완도군,가정의학과,0
전남,장성군,가정의학과,1
전남,장흥군,가정의학과,1
전남,진도군,가정의학과,0
전남,함평군,가정의학과,1
전남,해남군,가정의학과,1
전남,화순군,가정의학과,0
전남,나주시,가정의학과,2
전남,목포시,가정의학과,8
전남,순천시,가정의학과,2
전남,여수시,가정의학과,3
전남,광양시,가정의학과,1
경북,고령군,가정의학과,0
경북,군위군,가정의학과,0
경북,봉화군,가정의학과,1
경북,성주군,가정의학과,0
경북,영덕군,가정의학과,1
경북,영양군,가정의학과,0
경북,예천군,가정의학과,0
경북,울릉군,가정의학과,0
경북,울진군,가정의학과,1
경북,의성군,가정의학과,0
경북,청도군,가정의학과,0
경북,청송군,가정의학과,0
경북,칠곡군,가정의학과,3
경북,경주시,가정의학과,1
경북,구미시,가정의학과,9
경북,김천시,가정의학과,2
경북,안동시,가정의학과,4
경북,영주시,가정의학과,0
경북,영천시,가정의학과,1
경북,포항시 남구,가정의학과,4
경북,포항시 북구,가정의학과,2
경북,문경시,가정의학과,2
경북,상주시,가정의학과,0
경북,경산시,가정의학과,1
경남,거창군,가정의학과,1
경남,고성군,가정의학과,1
경남,남해군,가정의학과,0
경남,산청군,가정의학과,2
경남,의령군,가정의학과,0
경남,창녕군,가정의학과,0
경남,하동군,가정의학과,0
경남,함안군,가정의학과,1
경남,함양군,가정의학과,3
경남,합천군,가정의학과,0
경남,김해시,가정의학과,5
경남,사천시,가정의학과,1
경남,진주시,가정의학과,8
경남,창원시 마산회원구,가정의학과,0
경남,창원시 마산합포구,가정의학과,2
경남,창원시 진해구,가정의학과,0
경남,창원시 의창구,가정의학과,1
경남,창원시 성산구,가정의학과,2
경남,통영시,가정의학과,0
경남,밀양시,가정의학과,2
경남,거제시,가정의학과,0
경남,양산시,가정의학과,4
제주,서귀포시,가정의학과,2
제주,제주시,가정의학과,7
서울,강남구,직업환경의학과,0
서울,강동구,직업환경의학과,0
서울,강서구,직업환경의학과,0
서울,관악구,직업환경의학과,0
서울,구로구,직업환경의학과,0
서울,도봉구,직업환경의학과,0
서울,동대문구,직업환경의학과,0
서울,동작구,직업환경의학과,0
서울,마포구,직업환경의학과,0
서울,서대문구,직업환경의학과,0
서울,성동구,직업환경의학과,0
서울,성북구,직업환경의학과,0
서울,영등포구,직업환경의학과,0
서울,용산구,직업환경의학과,0
서울,은평구,직업환경의학과,0
서울,종로구,직업환경의학과,0
서울,중구,직업환경의학과,0
서울,송파구,직업환경의학과,0
서울,중랑구,직업환경의학과,0
서울,양천구,직업환경의학과,0
서울,서초구,직업환경의학과,0
서울,노원구,직업환경의학과,0
서울,광진구,직업환경의학과,0
서울,강북구,직업환경의학과,0
서울,금천구,직업환경의학과,0
부산,남구,직업환경의학과,0
부산,동구,직업환경의학과,0
부산,동래구,직업환경의학과,0
부산,진구,직업환경의학과,0
부산,북구,직업환경의학과,0
부산,서구,직업환경의학과,0
부산,영도구,직업환경의학과,0
부산,중구,직업환경의학과,0
부산,해운대구,직업환경의학과,0
부산,사하구,직업환경의학과,0
부산,금정구,직업환경의학과,0
부산,강서구,직업환경의학과,0
부산,연제구,직업환경의학과,0
부산,수영구,직업환경의학과,0
부산,사상구,직업환경의학과,0
부산,기장군,직업환경의학과,0
대구,남구,직업환경의학과,0
대구,동구,직업환경의학과,0
대구,북구,직업환경의학과,0
대구,서구,직업환경의학과,0
대구,수성구,직업환경의학과,0
대구,중구,직업환경의학과,0
대구,달서구,직업환경의학과,0
대구,달성군,직업환경의학과,0
인천,남구,직업환경의학과,0
인천,미추홀구,직업환경의학과,0
인천,동구,직업환경의학과,0
인천,부평구,직업환경의학과,0
인천,중구,직업환경의학과,0
인천,서구,직업환경의학과,0
인천,남동구,직업환경의학과,0
인천,연수구,직업환경의학과,0
인천,계양구,직업환경의학과,0
인천,강화군,직업환경의학과,0
인천,옹진군,직업환경의학과,0
광주,동구,직업환경의학과,0
광주,북구,직업환경의학과,0
광주,서구,직업환경의학과,0
광주,광산구,직업환경의학과,0
광주,남구,직업환경의학과,0
대전,유성구,직업환경의학과,0
대전,대덕구,직업환경의학과,0
대전,서구,직업환경의학과,0
대전,동구,직업환경의학과,0
대전,중구,직업환경의학과,0
울산,남구,직업환경의학과,0
울산,동구,직업환경의학과,0
울산,중구,직업환경의학과,0
울산,북구,직업환경의학과,0
울산,울주군,직업환경의학과,0
세종,세종시,직업환경의학과,0
경기,가평군,직업환경의학과,0
경기,양평군,직업환경의학과,0
경기,여주시,직업환경의학과,0
경기,연천군,직업환경의학과,0
경기,광명시,직업환경의학과,0
경기,동두천시,직업환경의학과,0
경기,부천시,직업환경의학과,0
경기,성남시 수정구,직업환경의학과,0
경기,성남시 중원구,직업환경의학과,0
경기,성남시 분당구,직업환경의학과,0
경기,수원시 권선구,직업환경의학과,0
경기,수원시 장안구,직업환경의학과,0
경기,수원시 팔달구,직업환경의학과,0
경기,수원시 영통구,직업환경의학과,0
경기,안양시 만안구,직업환경의학과,0
경기,안양시 동안구,직업환경의학과,0
경기,의정부시,직업환경의학과,0
경기,과천시,직업환경의학과,0
경기,구리시,직업환경의학과,0
경기,안산시 단원구,직업환경의학과,0
경기,안산시 상록구,직업환경의학과,0
경기,평택시,직업환경의학과,0
경기,하남시,직업환경의학과,0
경기,군포시,직업환경의학과,0
경기,남양주시,직업환경의학과,0
경기,의왕시,직업환경의학과,0
경기,시흥시,직업환경의학과,0
경기,오산시,직업환경의학과,0
경기,고양시 덕양구,직업환경의학과,0
경기,고양시 일산 서구,직업환경의학과,0
경기,고양시 일산 동구,직업환경의학과,0
경기,용인기흥구,직업환경의학과,0
경기,용인수지구,직업환경의학과,0
경기,용인처인구,직업환경의학과,0
경기,이천시,직업환경의학과,0
경기,파주시,직업환경의학과,0
경기,김포시,직업환경의학과,0
경기,안성시,직업환경의학과,0
경기,화성시,직업환경의학과,0
경기,광주시,직업환경의학과,0
경기,양주시,직업환경의학과,0
경기,포천시,직업환경의학과,0
강원,고성군,직업환경의학과,0
강원,양구군,직업환경의학과,0
강원,양양군,직업환경의학과,0
강원,영월군,직업환경의학과,0
강원,인제군,직업환경의학과,0
강원,정선군,직업환경의학과,0
강원,철원군,직업환경의학과,0
강원,평창군,직업환경의학과,0
강원,홍천군,직업환경의학과,0
강원,화천군,직업환경의학과,0
강원,횡성군,직업환경의학과,0
강원,강릉시,직업환경의학과,0
강원,동해시,직업환경의학과,0
강원,속초시,직업환경의학과,0
강원,원주시,직업환경의학과,0
강원,춘천시,직업환경의학과,0
강원,태백시,직업환경의학과,0
강원,삼척시,직업환경의학과,0
충북,괴산군,직업환경의학과,0
충북,단양군,직업환경의학과,0
충북,보은군,직업환경의학과,0
충북,영동군,직업환경의학과,0
충북,옥천군,직업환경의학과,0
충북,음성군,직업환경의학과,0
충북,진천군,직업환경의학과,0
충북,증평군,직업환경의학과,0
충북,청주시 상당구,직업환경의학과,0
충북,청주시 흥덕구,직업환경의학과,0
충북,청주시 청원구,직업환경의학과,0
충북,청주시 서원구,직업환경의학과,0
충북,충주시,직업환경의학과,0
충북,제천시,직업환경의학과,0
충남,금산군,직업환경의학과,0
충남,당진시,직업환경의학과,0
충남,부여군,직업환경의학과,0
충남,서천군,직업환경의학과,0
충남,예산군,직업환경의학과,0
충남,청양군,직업환경의학과,0
충남,홍성군,직업환경의학과,0
충남,태안군,직업환경의학과,0
충남,천안시 서북구,직업환경의학과,0
충남,천안시 동남구,직업환경의학과,0
충남,공주시,직업환경의학과,0
충남,보령시,직업환경의학과,0
충남,아산시,직업환경의학과,0
충남,서산시,직업환경의학과,0
충남,논산시,직업환경의학과,0
충남,계룡시,직업환경의학과,0
전북,고창군,직업환경의학과,0
전북,무주군,직업환경의학과,0
전북,부안군,직업환경의학과,0
전북,순창군,직업환경의학과,0
전북,완주군,직업환경의학과,0
전북,임실군,직업환경의학과,0
전북,장수군,직업환경의학과,0
전북,진안군,직업환경의학과,0
전북,군산시,직업환경의학과,0
전북,남원시,직업환경의학과,0
전북,익산시,직업환경의학과,0
전북,전주시 완산구,직업환경의학과,0
전북,전주시 덕진구,직업환경의학과,0
전북,정읍시,직업환경의학과,0
전북,김제시,직업환경의학과,0
전남,강진군,직업환경의학과,0
전남,고흥군,직업환경의학과,0
전남,곡성군,직업환경의학과,0
전남,구례군,직업환경의학과,0
전남,담양군,직업환경의학과,0
전남,무안군,직업환경의학과,0
전남,보성군,직업환경의학과,0
전남,신안군,직업환경의학과,0
전남,영광군,직업환경의학과,0
전남,영암군,직업환경의학과,0
전남,완도군,직업환경의학과,0
전남,장성군,직업환경의학과,0
전남,장흥군,직업환경의학과,0
전남,진도군,직업환경의학과,0
전남,함평군,직업환경의학과,0
전남,해남군,직업환경의학과,0
전남,화순군,직업환경의학과,0
전남,나주시,직업환경의학과,0
전남,목포시,직업환경의학과,0
전남,순천시,직업환경의학과,0
전남,여수시,직업환경의학과,0
전남,광양시,직업환경의학과,0
경북,고령군,직업환경의학과,0
경북,군위군,직업환경의학과,0
경북,봉화군,직업환경의학과,0
경북,성주군,직업환경의학과,0
경북,영덕군,직업환경의학과,0
경북,영양군,직업환경의학과,0
경북,예천군,직업환경의학과,0
경북,울릉군,직업환경의학과,0
경북,울진군,직업환경의학과,0
경북,의성군,직업환경의학과,0
경북,청도군,직업환경의학과,0
경북,청송군,직업환경의학과,0
경북,칠곡군,직업환경의학과,0
경북,경주시,직업환경의학과,0
경북,구미시,직업환경의학과,0
경북,김천시,직업환경의학과,0
경북,안동시,직업환경의학과,0
경북,영주시,직업환경의학과,0
경북,영천시,직업환경의학과,0
경북,포항시 남구,직업환경의학과,0
경북,포항시 북구,직업환경의학과,0
경북,문경시,직업환경의학과,0
경북,상주시,직업환경의학과,0
경북,경산시,직업환경의학과,0
경남,거창군,직업환경의학과,0
경남,고성군,직업환경의학과,0
경남,남해군,직업환경의학과,0
경남,산청군,직업환경의학과,0
경남,의령군,직업환경의학과,0
경남,창녕군,직업환경의학과,0
경남,하동군,직업환경의학과,0
경남,함안군,직업환경의학과,0
경남,함양군,직업환경의학과,0
경남,합천군,직업환경의학과,0
경남,김해시,직업환경의학과,0
경남,사천시,직업환경의학과,0
경남,진주시,직업환경의학과,0
경남,창원시 마산회원구,직업환경의학과,0
경남,창원시 마산합포구,직업환경의학과,0
경남,창원시 진해구,직업환경의학과,0
경남,창원시 의창구,직업환경의학과,0
경남,창원시 성산구,직업환경의학과,1
경남,통영시,직업환경의학과,0
경남,밀양시,직업환경의학과,0
경남,거제시,직업환경의학과,0
경남,양산시,직업환경의학과,0
제주,서귀포시,직업환경의학과,0
제주,제주시,직업환경의학과,0
서울,강남구,예방의학과,0
서울,강동구,예방의학과,0
서울,강서구,예방의학과,0
서울,관악구,예방의학과,0
서울,구로구,예방의학과,0
서울,도봉구,예방의학과,0
서울,동대문구,예방의학과,0
서울,동작구,예방의학과,0
서울,마포구,예방의학과,0
서울,서대문구,예방의학과,0
서울,성동구,예방의학과,0
서울,성북구,예방의학과,0
서울,영등포구,예방의학과,0
서울,용산구,예방의학과,0
서울,은평구,예방의학과,0
서울,종로구,예방의학과,0
서울,중구,예방의학과,0
서울,송파구,예방의학과,0
서울,중랑구,예방의학과,0
서울,양천구,예방의학과,0
서울,서초구,예방의학과,0
서울,노원구,예방의학과,0
서울,광진구,예방의학과,0
서울,강북구,예방의학과,0
서울,금천구,예방의학과,0
부산,남구,예방의학과,0
부산,동구,예방의학과,0
부산,동래구,예방의학과,0
부산,진구,예방의학과,0
부산,북구,예방의학과,0
부산,서구,예방의학과,0
부산,영도구,예방의학과,0
부산,중구,예방의학과,0
부산,해운대구,예방의학과,0
부산,사하구,예방의학과,0
부산,금정구,예방의학과,0
부산,강서구,예방의학과,0
부산,연제구,예방의학과,0
부산,수영구,예방의학과,0
부산,사상구,예방의학과,0
부산,기장군,예방의학과,0
대구,남구,예방의학과,0
대구,동구,예방의학과,0
대구,북구,예방의학과,0
대구,서구,예방의학과,0
대구,수성구,예방의학과,0
대구,중구,예방의학과,0
대구,달서구,예방의학과,0
대구,달성군,예방의학과,0
인천,남구,예방의학과,0
인천,미추홀구,예방의학과,0
인천,동구,예방의학과,0
인천,부평구,예방의학과,0
인천,중구,예방의학과,0
인천,서구,예방의학과,0
인천,남동구,예방의학과,0
인천,연수구,예방의학과,0
인천,계양구,예방의학과,0
인천,강화군,예방의학과,0
인천,옹진군,예방의학과,0
광주,동구,예방의학과,0
광주,북구,예방의학과,0
광주,서구,예방의학과,0
광주,광산구,예방의학과,0
광주,남구,예방의학과,0
대전,유성구,예방의학과,0
대전,대덕구,예방의학과,0
대전,서구,예방의학과,0
대전,동구,예방의학과,0
대전,중구,예방의학과,0
울산,남구,예방의학과,0
울산,동구,예방의학과,0
울산,중구,예방의학과,0
울산,북구,예방의학과,0
울산,울주군,예방의학과,0
세종,세종시,예방의학과,0
경기,가평군,예방의학과,0
경기,양평군,예방의학과,0
경기,여주시,예방의학과,0
경기,연천군,예방의학과,0
경기,광명시,예방의학과,0
경기,동두천시,예방의학과,0
경기,부천시,예방의학과,0
경기,성남시 수정구,예방의학과,0
경기,성남시 중원구,예방의학과,0
경기,성남시 분당구,예방의학과,0
경기,수원시 권선구,예방의학과,0
경기,수원시 장안구,예방의학과,0
경기,수원시 팔달구,예방의학과,0
경기,수원시 영통구,예방의학과,0
경기,안양시 만안구,예방의학과,0
경기,안양시 동안구,예방의학과,0
경기,의정부시,예방의학과,0
경기,과천시,예방의학과,0
경기,구리시,예방의학과,0
경기,안산시 단원구,예방의학과,0
경기,안산시 상록구,예방의학과,0
경기,평택시,예방의학과,0
경기,하남시,예방의학과,0
경기,군포시,예방의학과,0
경기,남양주시,예방의학과,0
경기,의왕시,예방의학과,0
경기,시흥시,예방의학과,0
경기,오산시,예방의학과,0
경기,고양시 덕양구,예방의학과,0
경기,고양시 일산 서구,예방의학과,0
경기,고양시 일산 동구,예방의학과,0
경기,용인기흥구,예방의학과,0
경기,용인수지구,예방의학과,0
경기,용인처인구,예방의학과,0
경기,이천시,예방의학과,0
경기,파주시,예방의학과,0
경기,김포시,예방의학과,0
경기,안성시,예방의학과,0
경기,화성시,예방의학과,0
경기,광주시,예방의학과,0
경기,양주시,예방의학과,0
경기,포천시,예방의학과,0
강원,고성군,예방의학과,0
강원,양구군,예방의학과,0
강원,양양군,예방의학과,0
강원,영월군,예방의학과,0
강원,인제군,예방의학과,0
강원,정선군,예방의학과,0
강원,철원군,예방의학과,0
강원,평창군,예방의학과,0
강원,홍천군,예방의학과,0
강원,화천군,예방의학과,0
강원,횡성군,예방의학과,0
강원,강릉시,예방의학과,0
강원,동해시,예방의학과,0
강원,속초시,예방의학과,0
강원,원주시,예방의학과,0
강원,춘천시,예방의학과,0
강원,태백시,예방의학과,0
강원,삼척시,예방의학과,0
충북,괴산군,예방의학과,0
충북,단양군,예방의학과,0
충북,보은군,예방의학과,0
충북,영동군,예방의학과,0
충북,옥천군,예방의학과,0
충북,음성군,예방의학과,0
충북,진천군,예방의학과,0
충북,증평군,예방의학과,0
충북,청주시 상당구,예방의학과,0
충북,청주시 흥덕구,예방의학과,0
충북,청주시 청원구,예방의학과,0
충북,청주시 서원구,예방의학과,0
충북,충주시,예방의학과,0
충북,제천시,예방의학과,0
충남,금산군,예방의학과,0
충남,당진시,예방의학과,0
충남,부여군,예방의학과,0
충남,서천군,예방의학과,0
충남,예산군,예방의학과,0
충남,청양군,예방의학과,0
충남,홍성군,예방의학과,0
충남,태안군,예방의학과,0
충남,천안시 서북구,예방의학과,0
충남,천안시 동남구,예방의학과,0
충남,공주시,예방의학과,0
충남,보령시,예방의학과,0
충남,아산시,예방의학과,0
충남,서산시,예방의학과,0
충남,논산시,예방의학과,0
충남,계룡시,예방의학과,0
전북,고창군,예방의학과,0
전북,무주군,예방의학과,0
전북,부안군,예방의학과,0
전북,순창군,예방의학과,0
전북,완주군,예방의학과,0
전북,임실군,예방의학과,0
전북,장수군,예방의학과,0
전북,진안군,예방의학과,0
전북,군산시,예방의학과,0
전북,남원시,예방의학과,0
전북,익산시,예방의학과,0
전북,전주시 완산구,예방의학과,0
전북,전주시 덕진구,예방의학과,0
전북,정읍시,예방의학과,0
전북,김제시,예방의학과,0
전남,강진군,예방의학과,0
전남,고흥군,예방의학과,0
전남,곡성군,예방의학과,0
전남,구례군,예방의학과,0
전남,담양군,예방의학과,0
전남,무안군,예방의학과,0
전남,보성군,예방의학과,0
전남,신안군,예방의학과,0
전남,영광군,예방의학과,0
전남,영암군,예방의학과,0
전남,완도군,예방의학과,0
전남,장성군,예방의학과,0
전남,장흥군,예방의학과,0
전남,진도군,예방의학과,0
전남,함평군,예방의학과,0
전남,해남군,예방의학과,0
전남,화순군,예방의학과,0
전남,나주시,예방의학과,0
전남,목포시,예방의학과,0
전남,순천시,예방의학과,0
전남,여수시,예방의학과,0
전남,광양시,예방의학과,0
경북,고령군,예방의학과,0
경북,군위군,예방의학과,0
경북,봉화군,예방의학과,0
경북,성주군,예방의학과,0
경북,영덕군,예방의학과,0
경북,영양군,예방의학과,0
경북,예천군,예방의학과,0
경북,울릉군,예방의학과,0
경북,울진군,예방의학과,0
경북,의성군,예방의학과,0
경북,청도군,예방의학과,0
경북,청송군,예방의학과,0
경북,칠곡군,예방의학과,0
경북,경주시,예방의학과,0
경북,구미시,예방의학과,0
경북,김천시,예방의학과,0
경북,안동시,예방의학과,0
경북,영주시,예방의학과,0
경북,영천시,예방의학과,0
경북,포항시 남구,예방의학과,0
경북,포항시 북구,예방의학과,0
경북,문경시,예방의학과,0
경북,상주시,예방의학과,0
경북,경산시,예방의학과,0
경남,거창군,예방의학과,0
경남,고성군,예방의학과,0
경남,남해군,예방의학과,0
경남,산청군,예방의학과,0
경남,의령군,예방의학과,0
경남,창녕군,예방의학과,0
경남,하동군,예방의학과,0
경남,함안군,예방의학과,0
경남,함양군,예방의학과,0
경남,합천군,예방의학과,0
경남,김해시,예방의학과,0
경남,사천시,예방의학과,0
경남,진주시,예방의학과,0
경남,창원시 마산회원구,예방의학과,0
경남,창원시 마산합포구,예방의학과,0
경남,창원시 진해구,예방의학과,0
경남,창원시 의창구,예방의학과,0
경남,창원시 성산구,예방의학과,0
경남,통영시,예방의학과,0
경남,밀양시,예방의학과,0
경남,거제시,예방의학과,0
경남,양산시,예방의학과,0
제주,서귀포시,예방의학과,0
제주,제주시,예방의학과,0
서울,강남구,전문과목미표시전문의,384
서울,강동구,전문과목미표시전문의,58
서울,강서구,전문과목미표시전문의,56
서울,관악구,전문과목미표시전문의,48
서울,구로구,전문과목미표시전문의,54
서울,도봉구,전문과목미표시전문의,22
서울,동대문구,전문과목미표시전문의,27
서울,동작구,전문과목미표시전문의,53
서울,마포구,전문과목미표시전문의,67
서울,서대문구,전문과목미표시전문의,31
서울,성동구,전문과목미표시전문의,37
서울,성북구,전문과목미표시전문의,38
서울,영등포구,전문과목미표시전문의,61
서울,용산구,전문과목미표시전문의,35
서울,은평구,전문과목미표시전문의,52
서울,종로구,전문과목미표시전문의,37
서울,중구,전문과목미표시전문의,67
서울,송파구,전문과목미표시전문의,99
서울,중랑구,전문과목미표시전문의,39
서울,양천구,전문과목미표시전문의,40
서울,서초구,전문과목미표시전문의,112
서울,노원구,전문과목미표시전문의,51
서울,광진구,전문과목미표시전문의,55
서울,강북구,전문과목미표시전문의,52
서울,금천구,전문과목미표시전문의,33
부산,남구,전문과목미표시전문의,26
부산,동구,전문과목미표시전문의,12
부산,동래구,전문과목미표시전문의,24
부산,진구,전문과목미표시전문의,82
부산,북구,전문과목미표시전문의,24
부산,서구,전문과목미표시전문의,11
부산,영도구,전문과목미표시전문의,16
부산,중구,전문과목미표시전문의,16
부산,해운대구,전문과목미표시전문의,58
부산,사하구,전문과목미표시전문의,18
부산,금정구,전문과목미표시전문의,13
부산,강서구,전문과목미표시전문의,8
부산,연제구,전문과목미표시전문의,21
부산,수영구,전문과목미표시전문의,19
부산,사상구,전문과목미표시전문의,18
부산,기장군,전문과목미표시전문의,21
대구,남구,전문과목미표시전문의,15
대구,동구,전문과목미표시전문의,34
대구,북구,전문과목미표시전문의,35
대구,서구,전문과목미표시전문의,21
대구,수성구,전문과목미표시전문의,28
대구,중구,전문과목미표시전문의,37
대구,달서구,전문과목미표시전문의,38
대구,달성군,전문과목미표시전문의,16
인천,남구,전문과목미표시전문의,0
인천,미추홀구,전문과목미표시전문의,46
인천,동구,전문과목미표시전문의,13
인천,부평구,전문과목미표시전문의,66
인천,중구,전문과목미표시전문의,11
인천,서구,전문과목미표시전문의,42
인천,남동구,전문과목미표시전문의,71
인천,연수구,전문과목미표시전문의,30
인천,계양구,전문과목미표시전문의,31
인천,강화군,전문과목미표시전문의,6
인천,옹진군,전문과목미표시전문의,0
광주,동구,전문과목미표시전문의,17
광주,북구,전문과목미표시전문의,40
광주,서구,전문과목미표시전문의,46
광주,광산구,전문과목미표시전문의,31
광주,남구,전문과목미표시전문의,24
대전,유성구,전문과목미표시전문의,24
대전,대덕구,전문과목미표시전문의,23
대전,서구,전문과목미표시전문의,64
대전,동구,전문과목미표시전문의,21
대전,중구,전문과목미표시전문의,29
울산,남구,전문과목미표시전문의,51
울산,동구,전문과목미표시전문의,17
울산,중구,전문과목미표시전문의,14
울산,북구,전문과목미표시전문의,9
울산,울주군,전문과목미표시전문의,20
세종,세종시,전문과목미표시전문의,23
경기,가평군,전문과목미표시전문의,12
경기,양평군,전문과목미표시전문의,14
경기,여주시,전문과목미표시전문의,15
경기,연천군,전문과목미표시전문의,4
경기,광명시,전문과목미표시전문의,27
경기,동두천시,전문과목미표시전문의,5
경기,부천시,전문과목미표시전문의,96
경기,성남시 수정구,전문과목미표시전문의,36
경기,성남시 중원구,전문과목미표시전문의,36
경기,성남시 분당구,전문과목미표시전문의,62
경기,수원시 권선구,전문과목미표시전문의,35
경기,수원시 장안구,전문과목미표시전문의,23
경기,수원시 팔달구,전문과목미표시전문의,41
경기,수원시 영통구,전문과목미표시전문의,34
경기,안양시 만안구,전문과목미표시전문의,23
경기,안양시 동안구,전문과목미표시전문의,33
경기,의정부시,전문과목미표시전문의,40
경기,과천시,전문과목미표시전문의,1
경기,구리시,전문과목미표시전문의,24
경기,안산시 단원구,전문과목미표시전문의,34
경기,안산시 상록구,전문과목미표시전문의,30
경기,평택시,전문과목미표시전문의,52
경기,하남시,전문과목미표시전문의,23
경기,군포시,전문과목미표시전문의,19
경기,남양주시,전문과목미표시전문의,54
경기,의왕시,전문과목미표시전문의,10
경기,시흥시,전문과목미표시전문의,31
경기,오산시,전문과목미표시전문의,24
경기,고양시 덕양구,전문과목미표시전문의,43
경기,고양시 일산 서구,전문과목미표시전문의,27
경기,고양시 일산 동구,전문과목미표시전문의,29
경기,용인기흥구,전문과목미표시전문의,22
경기,용인수지구,전문과목미표시전문의,28
경기,용인처인구,전문과목미표시전문의,20
경기,이천시,전문과목미표시전문의,22
경기,파주시,전문과목미표시전문의,29
경기,김포시,전문과목미표시전문의,33
경기,안성시,전문과목미표시전문의,17
경기,화성시,전문과목미표시전문의,63
경기,광주시,전문과목미표시전문의,25
경기,양주시,전문과목미표시전문의,14
경기,포천시,전문과목미표시전문의,16
강원,고성군,전문과목미표시전문의,4
강원,양구군,전문과목미표시전문의,1
강원,양양군,전문과목미표시전문의,0
강원,영월군,전문과목미표시전문의,6
강원,인제군,전문과목미표시전문의,3
강원,정선군,전문과목미표시전문의,3
강원,철원군,전문과목미표시전문의,8
강원,평창군,전문과목미표시전문의,11
강원,홍천군,전문과목미표시전문의,5
강원,화천군,전문과목미표시전문의,5
강원,횡성군,전문과목미표시전문의,3
강원,강릉시,전문과목미표시전문의,8
강원,동해시,전문과목미표시전문의,11
강원,속초시,전문과목미표시전문의,10
강원,원주시,전문과목미표시전문의,31
강원,춘천시,전문과목미표시전문의,32
강원,태백시,전문과목미표시전문의,4
강원,삼척시,전문과목미표시전문의,4
충북,괴산군,전문과목미표시전문의,1
충북,단양군,전문과목미표시전문의,4
충북,보은군,전문과목미표시전문의,2
충북,영동군,전문과목미표시전문의,1
충북,옥천군,전문과목미표시전문의,8
충북,음성군,전문과목미표시전문의,16
충북,진천군,전문과목미표시전문의,4
충북,증평군,전문과목미표시전문의,3
충북,청주시 상당구,전문과목미표시전문의,18
충북,청주시 흥덕구,전문과목미표시전문의,22
충북,청주시 청원구,전문과목미표시전문의,20
충북,청주시 서원구,전문과목미표시전문의,17
충북,충주시,전문과목미표시전문의,17
충북,제천시,전문과목미표시전문의,13
충남,금산군,전문과목미표시전문의,9
충남,당진시,전문과목미표시전문의,17
충남,부여군,전문과목미표시전문의,10
충남,서천군,전문과목미표시전문의,6
충남,예산군,전문과목미표시전문의,7
충남,청양군,전문과목미표시전문의,6
충남,홍성군,전문과목미표시전문의,6
충남,태안군,전문과목미표시전문의,5
충남,천안시 서북구,전문과목미표시전문의,40
충남,천안시 동남구,전문과목미표시전문의,26
충남,공주시,전문과목미표시전문의,8
충남,보령시,전문과목미표시전문의,9
충남,아산시,전문과목미표시전문의,33
충남,서산시,전문과목미표시전문의,11
충남,논산시,전문과목미표시전문의,16
충남,계룡시,전문과목미표시전문의,4
전북,고창군,전문과목미표시전문의,8
전북,무주군,전문과목미표시전문의,2
전북,부안군,전문과목미표시전문의,5
전북,순창군,전문과목미표시전문의,4
전북,완주군,전문과목미표시전문의,6
전북,임실군,전문과목미표시전문의,4
전북,장수군,전문과목미표시전문의,1
전북,진안군,전문과목미표시전문의,3
전북,군산시,전문과목미표시전문의,25
전북,남원시,전문과목미표시전문의,8
전북,익산시,전문과목미표시전문의,18
전북,전주시 완산구,전문과목미표시전문의,28
전북,전주시 덕진구,전문과목미표시전문의,9
전북,정읍시,전문과목미표시전문의,13
전북,김제시,전문과목미표시전문의,7
전남,강진군,전문과목미표시전문의,8
전남,고흥군,전문과목미표시전문의,13
전남,곡성군,전문과목미표시전문의,4
전남,구례군,전문과목미표시전문의,3
전남,담양군,전문과목미표시전문의,8
전남,무안군,전문과목미표시전문의,14
전남,보성군,전문과목미표시전문의,9
전남,신안군,전문과목미표시전문의,8
전남,영광군,전문과목미표시전문의,11
전남,영암군,전문과목미표시전문의,10
전남,완도군,전문과목미표시전문의,6
전남,장성군,전문과목미표시전문의,8
전남,장흥군,전문과목미표시전문의,6
전남,진도군,전문과목미표시전문의,3
전남,함평군,전문과목미표시전문의,7
전남,해남군,전문과목미표시전문의,14
전남,화순군,전문과목미표시전문의,9
전남,나주시,전문과목미표시전문의,15
전남,목포시,전문과목미표시전문의,21
전남,순천시,전문과목미표시전문의,27
전남,여수시,전문과목미표시전문의,34
전남,광양시,전문과목미표시전문의,17
경북,고령군,전문과목미표시전문의,6
경북,군위군,전문과목미표시전문의,3
경북,봉화군,전문과목미표시전문의,1
경북,성주군,전문과목미표시전문의,6
경북,영덕군,전문과목미표시전문의,5
경북,영양군,전문과목미표시전문의,0
경북,예천군,전문과목미표시전문의,6
경북,울릉군,전문과목미표시전문의,0
경북,울진군,전문과목미표시전문의,5
경북,의성군,전문과목미표시전문의,5
경북,청도군,전문과목미표시전문의,9
경북,청송군,전문과목미표시전문의,4
경북,칠곡군,전문과목미표시전문의,8
경북,경주시,전문과목미표시전문의,21
경북,구미시,전문과목미표시전문의,31
경북,김천시,전문과목미표시전문의,8
경북,안동시,전문과목미표시전문의,11
경북,영주시,전문과목미표시전문의,3
경북,영천시,전문과목미표시전문의,12
경북,포항시 남구,전문과목미표시전문의,27
경북,포항시 북구,전문과목미표시전문의,40
경북,문경시,전문과목미표시전문의,8
경북,상주시,전문과목미표시전문의,12
경북,경산시,전문과목미표시전문의,20
경남,거창군,전문과목미표시전문의,3
경남,고성군,전문과목미표시전문의,3
경남,남해군,전문과목미표시전문의,7
경남,산청군,전문과목미표시전문의,5
경남,의령군,전문과목미표시전문의,4
경남,창녕군,전문과목미표시전문의,8
경남,하동군,전문과목미표시전문의,12
경남,함안군,전문과목미표시전문의,10
경남,함양군,전문과목미표시전문의,5
경남,합천군,전문과목미표시전문의,6
경남,김해시,전문과목미표시전문의,41
경남,사천시,전문과목미표시전문의,11
경남,진주시,전문과목미표시전문의,30
경남,창원시 마산회원구,전문과목미표시전문의,18
경남,창원시 마산합포구,전문과목미표시전문의,7
경남,창원시 진해구,전문과목미표시전문의,13
경남,창원시 의창구,전문과목미표시전문의,20
경남,창원시 성산구,전문과목미표시전문의,32
경남,통영시,전문과목미표시전문의,16
경남,밀양시,전문과목미표시전문의,11
경남,거제시,전문과목미표시전문의,31
경남,양산시,전문과목미표시전문의,24
제주,서귀포시,전문과목미표시전문의,25
제주,제주시,전문과목미표시전문의,70
서울,강남구,일반의,164
서울,강동구,일반의,25
서울,강서구,일반의,24
서울,관악구,일반의,24
서울,구로구,일반의,22
서울,도봉구,일반의,12
서울,동대문구,일반의,16
서울,동작구,일반의,12
서울,마포구,일반의,32
서울,서대문구,일반의,24
서울,성동구,일반의,8
서울,성북구,일반의,19
서울,영등포구,일반의,22
서울,용산구,일반의,14
서울,은평구,일반의,14
서울,종로구,일반의,24
서울,중구,일반의,34
서울,송파구,일반의,34
서울,중랑구,일반의,17
서울,양천구,일반의,16
서울,서초구,일반의,68
서울,노원구,일반의,20
서울,광진구,일반의,19
서울,강북구,일반의,11
서울,금천구,일반의,9
부산,남구,일반의,12
부산,동구,일반의,10
부산,동래구,일반의,17
부산,진구,일반의,46
부산,북구,일반의,12
부산,서구,일반의,10
부산,영도구,일반의,13
부산,중구,일반의,5
부산,해운대구,일반의,33
부산,사하구,일반의,11
부산,금정구,일반의,16
부산,강서구,일반의,7
부산,연제구,일반의,15
부산,수영구,일반의,12
부산,사상구,일반의,10
부산,기장군,일반의,5
대구,남구,일반의,2
대구,동구,일반의,9
대구,북구,일반의,14
대구,서구,일반의,6
대구,수성구,일반의,13
대구,중구,일반의,19
대구,달서구,일반의,15
대구,달성군,일반의,8
인천,남구,일반의,0
인천,미추홀구,일반의,13
인천,동구,일반의,3
인천,부평구,일반의,28
인천,중구,일반의,3
인천,서구,일반의,23
인천,남동구,일반의,28
인천,연수구,일반의,13
인천,계양구,일반의,11
인천,강화군,일반의,3
인천,옹진군,일반의,3
광주,동구,일반의,11
광주,북구,일반의,24
광주,서구,일반의,27
광주,광산구,일반의,17
광주,남구,일반의,5
대전,유성구,일반의,17
대전,대덕구,일반의,18
대전,서구,일반의,35
대전,동구,일반의,14
대전,중구,일반의,14
울산,남구,일반의,26
울산,동구,일반의,8
울산,중구,일반의,11
울산,북구,일반의,5
울산,울주군,일반의,8
세종,세종시,일반의,16
경기,가평군,일반의,3
경기,양평군,일반의,3
경기,여주시,일반의,2
경기,연천군,일반의,2
경기,광명시,일반의,9
경기,동두천시,일반의,4
경기,부천시,일반의,43
경기,성남시 수정구,일반의,11
경기,성남시 중원구,일반의,13
경기,성남시 분당구,일반의,33
경기,수원시 권선구,일반의,13
경기,수원시 장안구,일반의,11
경기,수원시 팔달구,일반의,29
경기,수원시 영통구,일반의,12
경기,안양시 만안구,일반의,12
경기,안양시 동안구,일반의,22
경기,의정부시,일반의,30
경기,과천시,일반의,6
경기,구리시,일반의,9
경기,안산시 단원구,일반의,30
경기,안산시 상록구,일반의,13
경기,평택시,일반의,18
경기,하남시,일반의,9
경기,군포시,일반의,3
경기,남양주시,일반의,18
경기,의왕시,일반의,5
경기,시흥시,일반의,15
경기,오산시,일반의,11
경기,고양시 덕양구,일반의,14
경기,고양시 일산 서구,일반의,9
경기,고양시 일산 동구,일반의,15
경기,용인기흥구,일반의,20
경기,용인수지구,일반의,7
경기,용인처인구,일반의,8
경기,이천시,일반의,11
경기,파주시,일반의,21
경기,김포시,일반의,11
경기,안성시,일반의,10
경기,화성시,일반의,20
경기,광주시,일반의,3
경기,양주시,일반의,4
경기,포천시,일반의,2
강원,고성군,일반의,2
강원,양구군,일반의,1
강원,양양군,일반의,3
강원,영월군,일반의,1
강원,인제군,일반의,4
강원,정선군,일반의,3
강원,철원군,일반의,2
강원,평창군,일반의,2
강원,홍천군,일반의,3
강원,화천군,일반의,1
강원,횡성군,일반의,3
강원,강릉시,일반의,8
강원,동해시,일반의,6
강원,속초시,일반의,5
강원,원주시,일반의,16
강원,춘천시,일반의,15
강원,태백시,일반의,4
강원,삼척시,일반의,5
충북,괴산군,일반의,4
충북,단양군,일반의,0
충북,보은군,일반의,4
충북,영동군,일반의,7
충북,옥천군,일반의,2
충북,음성군,일반의,3
충북,진천군,일반의,5
충북,증평군,일반의,2
충북,청주시 상당구,일반의,10
충북,청주시 흥덕구,일반의,17
충북,청주시 청원구,일반의,6
충북,청주시 서원구,일반의,14
충북,충주시,일반의,15
충북,제천시,일반의,11
충남,금산군,일반의,8
충남,당진시,일반의,12
충남,부여군,일반의,5
충남,서천군,일반의,4
충남,예산군,일반의,8
충남,청양군,일반의,1
충남,홍성군,일반의,6
충남,태안군,일반의,10
충남,천안시 서북구,일반의,20
충남,천안시 동남구,일반의,20
충남,공주시,일반의,6
충남,보령시,일반의,4
충남,아산시,일반의,19
충남,서산시,일반의,9
충남,논산시,일반의,10
충남,계룡시,일반의,1
전북,고창군,일반의,7
전북,무주군,일반의,4
전북,부안군,일반의,3
전북,순창군,일반의,5
전북,완주군,일반의,6
전북,임실군,일반의,3
전북,장수군,일반의,3
전북,진안군,일반의,0
전북,군산시,일반의,14
전북,남원시,일반의,1
전북,익산시,일반의,16
전북,전주시 완산구,일반의,22
전북,전주시 덕진구,일반의,12
전북,정읍시,일반의,7
전북,김제시,일반의,4
전남,강진군,일반의,5
전남,고흥군,일반의,7
전남,곡성군,일반의,4
전남,구례군,일반의,1
전남,담양군,일반의,4
전남,무안군,일반의,10
전남,보성군,일반의,4
전남,신안군,일반의,5
전남,영광군,일반의,3
전남,영암군,일반의,7
전남,완도군,일반의,9
전남,장성군,일반의,2
전남,장흥군,일반의,8
전남,진도군,일반의,9
전남,함평군,일반의,5
전남,해남군,일반의,6
전남,화순군,일반의,3
전남,나주시,일반의,7
전남,목포시,일반의,13
전남,순천시,일반의,16
전남,여수시,일반의,22
전남,광양시,일반의,7
경북,고령군,일반의,1
경북,군위군,일반의,3
경북,봉화군,일반의,5
경북,성주군,일반의,5
경북,영덕군,일반의,3
경북,영양군,일반의,1
경북,예천군,일반의,4
경북,울릉군,일반의,0
경북,울진군,일반의,1
경북,의성군,일반의,5
경북,청도군,일반의,5
경북,청송군,일반의,5
경북,칠곡군,일반의,3
경북,경주시,일반의,21
경북,구미시,일반의,28
경북,김천시,일반의,3
경북,안동시,일반의,8
경북,영주시,일반의,9
경북,영천시,일반의,5
경북,포항시 남구,일반의,10
경북,포항시 북구,일반의,10
경북,문경시,일반의,8
경북,상주시,일반의,2
경북,경산시,일반의,10
경남,거창군,일반의,4
경남,고성군,일반의,3
경남,남해군,일반의,7
경남,산청군,일반의,5
경남,의령군,일반의,4
경남,창녕군,일반의,5
경남,하동군,일반의,4
경남,함안군,일반의,4
경남,함양군,일반의,6
경남,합천군,일반의,3
경남,김해시,일반의,14
경남,사천시,일반의,12
경남,진주시,일반의,18
경남,창원시 마산회원구,일반의,15
경남,창원시 마산합포구,일반의,10
경남,창원시 진해구,일반의,6
경남,창원시 의창구,일반의,10
경남,창원시 성산구,일반의,14
경남,통영시,일반의,9
경남,밀양시,일반의,5
경남,거제시,일반의,18
경남,양산시,일반의,18
제주,서귀포시,일반의,16
제주,제주시,일반의,41
